part_number,name,brand,category,url
PS10056107,Refrigerator Door Gasket WR78X20987,GE,Refrigerator,https://www.partselect.com/PS10056107-GE-WR78X20987-Refrigerator-Door-Gasket.htm
PS10057215,Refrigerator Ice Container Assembly 242093007,Frigidaire,Refrigerator,https://www.partselect.com/PS10057215-Frigidaire-242093007-Refrigerator-Ice-Container-Assembly.htm
PS10058933,Refrigerator Water Filter LT800P ADQ73613401,LG,Refrigerator,https://www.partselect.com/PS10058933-LG-ADQ73613401-Refrigerator-Water-Filter-LT800P.htm
PS10058976,Dishwasher Tub Gasket DD62-00097B,Samsung,Dishwasher,https://www.partselect.com/PS10058976-Samsung-DD62-00097B-Dishwasher-Tub-Gasket.htm
PS10060472,Refrigerator Cover 5304497387,Frigidaire,Refrigerator,https://www.partselect.com/PS10060472-Frigidaire-5304497387-Refrigerator-Cover.htm
PS10060546,REFRIGERATOR DOOR 807460114,Frigidaire,Refrigerator,https://www.partselect.com/PS10060546-Frigidaire-807460114-REFRIGERATOR-DOOR.htm
PS10061310,Refrigerator Tray Assembly Vegetable AJP73334413,LG,Refrigerator,https://www.partselect.com/PS10061310-LG-AJP73334413-Refrigerator-Tray-Assembly-Vegetable.htm
PS10061875,Refrigerator Freezer Drawer W10542032,Whirlpool,Refrigerator,https://www.partselect.com/PS10061875-Whirlpool-W10542032-Refrigerator-Freezer-Drawer.htm
PS10062050,Dishwasher Control Panel - White W10605168,Whirlpool,Dishwasher,https://www.partselect.com/PS10062050-Whirlpool-W10605168-Dishwasher-Control-Panel-White.htm
PS10062281,Door Shelf Bin -  Refrigerator W10646629,Whirlpool,Refrigerator,https://www.partselect.com/PS10062281-Whirlpool-W10646629-Door-Shelf-Bin-Refrigerator.htm
PS10063167,Refrigerator Ice Maker AEQ73130004,LG,Refrigerator,https://www.partselect.com/PS10063167-LG-AEQ73130004-Refrigerator-Ice-Maker.htm
PS10063171,Refrigerator Tray Assembly Vegetable AJP73334415,LG,Refrigerator,https://www.partselect.com/PS10063171-LG-AJP73334415-Refrigerator-Tray-Assembly-Vegetable.htm
PS10063209,Refrigerator Water Filter RPWFE,GE,Refrigerator,https://www.partselect.com/PS10063209-GE-RPWFE-Refrigerator-Water-Filter.htm
PS10064063,Dishwasher Dish Rack Adjuster Kit - Left and Right Side W10712394,Whirlpool,Dishwasher,https://www.partselect.com/PS10064063-Whirlpool-W10712394-Dishwasher-Dish-Rack-Adjuster-Kit-Left-and-Right-Side.htm
PS10066156,Refrigerator Door Gasket 242193219,Frigidaire,Refrigerator,https://www.partselect.com/PS10066156-Frigidaire-242193219-Refrigerator-Door-Gasket.htm
PS10066578,Refrigerator Door Handle WR12X23647,GE,Refrigerator,https://www.partselect.com/PS10066578-GE-WR12X23647-Refrigerator-Door-Handle.htm
PS10066970,Refrigerator Handle Assembly W10706367,Whirlpool,Refrigerator,https://www.partselect.com/PS10066970-Whirlpool-W10706367-Refrigerator-Handle-Assembly.htm
PS10067043,Dishwasher Electronic Control Board W10751502,Whirlpool,Dishwasher,https://www.partselect.com/PS10067043-Whirlpool-W10751502-Dishwasher-Electronic-Control-Board.htm
PS10067110,Refrigerator Vegetable Drawer AJP73334412,LG,Refrigerator,https://www.partselect.com/PS10067110-LG-AJP73334412-Refrigerator-Vegetable-Drawer.htm
PS10067144,Dishwasher Circulation Pump Motor DD81-01640A,Samsung,Dishwasher,https://www.partselect.com/PS10067144-Samsung-DD81-01640A-Dishwasher-Circulation-Pump-Motor.htm
PS1015820,Refrigerator Trim Shelf Fz WR38X10368,GE,Refrigerator,https://www.partselect.com/PS1015820-GE-WR38X10368-Refrigerator-Trim-Shelf-Fz.htm
PS1015821,Refrigerator Gasket Cover Rear WR14X10197,GE,Refrigerator,https://www.partselect.com/PS1015821-GE-WR14X10197-Refrigerator-Gasket-Cover-Rear.htm
PS1019519,Refrigerator Door Assembly WR78X11389,GE,Refrigerator,https://www.partselect.com/PS1019519-GE-WR78X11389-Refrigerator-Door-Assembly.htm
PS1020081,Refrigerator Gasket Evap Cover WR14X10196,GE,Refrigerator,https://www.partselect.com/PS1020081-GE-WR14X10196-Refrigerator-Gasket-Evap-Cover.htm
PS1020753,Refrigerator Freezer Slide Left Hand WR72X10190,GE,Refrigerator,https://www.partselect.com/PS1020753-GE-WR72X10190-Refrigerator-Freezer-Slide-Left-Hand.htm
PS1021303,Refrigerator Door Shelf Bar WR71X10683,GE,Refrigerator,https://www.partselect.com/PS1021303-GE-WR71X10683-Refrigerator-Door-Shelf-Bar.htm
PS1021907,Refrigerator Pan WR32X10524,GE,Refrigerator,https://www.partselect.com/PS1021907-GE-WR32X10524-Refrigerator-Pan.htm
PS1146684,Dishwasher Water Valve 154476102,Frigidaire,Dishwasher,https://www.partselect.com/PS1146684-Frigidaire-154476102-Dishwasher-Water-Valve.htm
PS1148335,Refrigerator Fan Cover 241652301,Frigidaire,Refrigerator,https://www.partselect.com/PS1148335-Frigidaire-241652301-Refrigerator-Fan-Cover.htm
PS1148417,Dishwasher Cleaner 5304448398,Frigidaire,,https://www.partselect.com/PS1148417-Frigidaire-5304448398-Dishwasher-Cleaner.htm
PS1148763,Refrigerator Wire Shelf 241657601,Frigidaire,Refrigerator,https://www.partselect.com/PS1148763-Frigidaire-241657601-Refrigerator-Wire-Shelf.htm
PS1155638,Refrigerator Slide 2315398,Whirlpool,Refrigerator,https://www.partselect.com/PS1155638-Whirlpool-2315398-Refrigerator-Slide.htm
PS11700720,Dishwasher Water Inlet Valve 00633970,Bosch,Dishwasher,https://www.partselect.com/PS11700720-Bosch-00633970-Dishwasher-Water-Inlet-Valve.htm
PS11700735,Refrigerator Door Bin AAP73051305,LG,Refrigerator,https://www.partselect.com/PS11700735-LG-AAP73051305-Refrigerator-Door-Bin.htm
PS11700753,"DOOR FOAM ASSEMBLY, REFRIGERATOR ADD73358317",LG,Refrigerator,https://www.partselect.com/PS11700753-LG-ADD73358317-DOOR-FOAM-ASSEMBLY-REFRIGERATOR.htm
PS11701216,Refrigerator Plug Door Rvsbl WR01X21159,GE,"Refrigerator, Dryer",https://www.partselect.com/PS11701216-GE-WR01X21159-Refrigerator-Plug-Door-Rvsbl.htm
PS11701232,Refrigerator Door Handle WR12X21084,GE,Refrigerator,https://www.partselect.com/PS11701232-GE-WR12X21084-Refrigerator-Door-Handle.htm
PS11701251,Refrigerator Freezer Door Gasket 20/22 Inch WR24X23195,GE,Refrigerator,https://www.partselect.com/PS11701251-GE-WR24X23195-Refrigerator-Freezer-Door-Gasket-20-22-Inch.htm
PS11701270,Refrigerator Dispenser Display Glass Assembly - Black WR55X23461,GE,Refrigerator,https://www.partselect.com/PS11701270-GE-WR55X23461-Refrigerator-Dispenser-Display-Glass-Assembly-Black.htm
PS11701294,Refrigerator Freezer Door Assembly WR78X23279,GE,Refrigerator,https://www.partselect.com/PS11701294-GE-WR78X23279-Refrigerator-Freezer-Door-Assembly.htm
PS11701542,Refrigerator Ice and Water Filter EDR1RXD1,Whirlpool,Refrigerator,https://www.partselect.com/PS11701542-Whirlpool-EDR1RXD1-Refrigerator-Ice-and-Water-Filter.htm
PS11703834,Dishwasher Door Bottom Seal 5304500204,Frigidaire,Dishwasher,https://www.partselect.com/PS11703834-Frigidaire-5304500204-Dishwasher-Door-Bottom-Seal.htm
PS11704184,Dishwasher Console Assembly 5304501498,Frigidaire,Dishwasher,https://www.partselect.com/PS11704184-Frigidaire-5304501498-Dishwasher-Console-Assembly.htm
PS11704498,Refrigerator Water Filter -  White EPTWFU01,Frigidaire,Refrigerator,https://www.partselect.com/PS11704498-Frigidaire-EPTWFU01-Refrigerator-Water-Filter-White.htm
PS11705553,Refrigerator Run Capacitor 0CZZJB2014S,LG,"Refrigerator, Freezer",https://www.partselect.com/PS11705553-LG-0CZZJB2014S-Refrigerator-Run-Capacitor.htm
PS11706738,Refrigerator Door Basket Assembly AAP73051306,LG,Refrigerator,https://www.partselect.com/PS11706738-LG-AAP73051306-Refrigerator-Door-Basket-Assembly.htm
PS11706740,Refrigerator Door Bin AAP73051504,LG,Refrigerator,https://www.partselect.com/PS11706740-LG-AAP73051504-Refrigerator-Door-Bin.htm
PS11708161,Refrigerator Freezer Door Gasket ADX52752665,LG,"Refrigerator, Freezer",https://www.partselect.com/PS11708161-LG-ADX52752665-Refrigerator-Freezer-Door-Gasket.htm
PS11708358,Refrigerator Handle Assembly AED37082977,LG,Refrigerator,https://www.partselect.com/PS11708358-LG-AED37082977-Refrigerator-Handle-Assembly.htm
PS11708993,Refrigerator Flipper Assembly AGU74110902,LG,"Refrigerator, Freezer",https://www.partselect.com/PS11708993-LG-AGU74110902-Refrigerator-Flipper-Assembly.htm
PS11709198,Refrigerator Deli Drawer AJP73314427,LG,Refrigerator,https://www.partselect.com/PS11709198-LG-AJP73314427-Refrigerator-Deli-Drawer.htm
PS11709203,Refrigerator Snack Drawer AJP73455005,LG,Refrigerator,https://www.partselect.com/PS11709203-LG-AJP73455005-Refrigerator-Snack-Drawer.htm
PS11709207,Refrigerator Crisper Drawer AJP73595013,LG,Refrigerator,https://www.partselect.com/PS11709207-LG-AJP73595013-Refrigerator-Crisper-Drawer.htm
PS11709215,Refrigerator Freezer Drawer AJP73595166,LG,Refrigerator,https://www.partselect.com/PS11709215-LG-AJP73595166-Refrigerator-Freezer-Drawer.htm
PS11709252,Refrigerator Deli Drawer AJP73816204,LG,Refrigerator,https://www.partselect.com/PS11709252-LG-AJP73816204-Refrigerator-Deli-Drawer.htm
PS11709611,Refrigerator Water Inlet Valve AJU73292414,LG,Refrigerator,https://www.partselect.com/PS11709611-LG-AJU73292414-Refrigerator-Water-Inlet-Valve.htm
PS11710747,Refrigerator PCB Main Assembly EBR77042535,LG,Refrigerator,https://www.partselect.com/PS11710747-LG-EBR77042535-Refrigerator-PCB-Main-Assembly.htm
PS11710898,Refrigerator Electronic Control Board EBR78643409,LG,Refrigerator,https://www.partselect.com/PS11710898-LG-EBR78643409-Refrigerator-Electronic-Control-Board.htm
PS11711120,Refrigerator Door Basket MAN63088701,LG,Refrigerator,https://www.partselect.com/PS11711120-LG-MAN63088701-Refrigerator-Door-Basket.htm
PS11717918,Refrigerator Electronic Control Board DA92-00624D,Samsung,Refrigerator,https://www.partselect.com/PS11717918-Samsung-DA92-00624D-Refrigerator-Electronic-Control-Board.htm
PS11718073,Refrigerator Evaporator Cover Assembly DA97-12609B,Samsung,Refrigerator,https://www.partselect.com/PS11718073-Samsung-DA97-12609B-Refrigerator-Evaporator-Cover-Assembly.htm
PS11718137,Refrigerator Door Shelf Bar DA97-14301C,Samsung,Refrigerator,https://www.partselect.com/PS11718137-Samsung-DA97-14301C-Refrigerator-Door-Shelf-Bar.htm
PS11718149,Refrigerator Dispenser Cover Assembly DA97-14703E,Samsung,Refrigerator,https://www.partselect.com/PS11718149-Samsung-DA97-14703E-Refrigerator-Dispenser-Cover-Assembly.htm
PS11718167,"Refrigerator Door Bin, Lower Right DA97-15185A",Samsung,Refrigerator,https://www.partselect.com/PS11718167-Samsung-DA97-15185A-Refrigerator-Door-Bin-Lower-Right.htm
PS11721259,Ice and Water Refrigerator Filter HAF-CIN/EXP,Samsung,Refrigerator,https://www.partselect.com/PS11721259-Samsung-HAF-CIN-EXP-Ice-and-Water-Refrigerator-Filter.htm
PS11721505,Dishwasher Dishrack Rollers and Axles WD35X20994,GE,Dishwasher,https://www.partselect.com/PS11721505-GE-WD35X20994-Dishwasher-Dishrack-Rollers-and-Axles.htm
PS11721935,Refrigerator Door Bin WR71X25602,GE,Refrigerator,https://www.partselect.com/PS11721935-GE-WR71X25602-Refrigerator-Door-Bin.htm
PS11722128,Whirlpool EveryDrop3 Refrigerator Water Filter EDR3RXD1,Whirlpool,Refrigerator,https://www.partselect.com/PS11722128-Whirlpool-EDR3RXD1-Whirlpool-EveryDrop3-Refrigerator-Water-Filter.htm
PS11722130,Refrigerator Water Filter EDR4RXD1,Whirlpool,Refrigerator,https://www.partselect.com/PS11722130-Whirlpool-EDR4RXD1-Refrigerator-Water-Filter.htm
PS11722135,Whirlpool EveryDrop6 Refrigerator Water Filter EDR6D1,Whirlpool,Refrigerator,https://www.partselect.com/PS11722135-Whirlpool-EDR6D1-Whirlpool-EveryDrop6-Refrigerator-Water-Filter.htm
PS11722923,Refrigerator Grille W10803964,Whirlpool,Refrigerator,https://www.partselect.com/PS11722923-Whirlpool-W10803964-Refrigerator-Grille.htm
PS11723190,Refrigerator Pantry Drawer Door Cover W10827015,Whirlpool,Refrigerator,https://www.partselect.com/PS11723190-Whirlpool-W10827015-Refrigerator-Pantry-Drawer-Door-Cover.htm
PS11723195,Refrigerator Pantry Drawer Lid W10827914,Whirlpool,Refrigerator,https://www.partselect.com/PS11723195-Whirlpool-W10827914-Refrigerator-Pantry-Drawer-Lid.htm
PS11724489,Refrigerator Air Filter Carbon Bulk Cs162 UCP242047801,Frigidaire,,https://www.partselect.com/PS11724489-Frigidaire-UCP242047801-Refrigerator-Air-Filter-Carbon-Bulk-Cs162.htm
PS11724643,Refrigerator ACTIVE CARBON FILTER 00636459,Bosch,"Refrigerator, Freezer",https://www.partselect.com/PS11724643-Bosch-00636459-Refrigerator-ACTIVE-CARBON-FILTER.htm
PS11724988,Dishwasher Circulation Pump with Heater 12008381,Bosch,Dishwasher,https://www.partselect.com/PS11724988-Bosch-12008381-Dishwasher-Circulation-Pump-with-Heater.htm
PS11726170,Dishwasher Screw W10817436,Whirlpool,"Dishwasher, Range, Wall Oven",https://www.partselect.com/PS11726170-Whirlpool-W10817436-Dishwasher-Screw.htm
PS11726970,Refrigerator Bin Door Assembly 42 WR71X25603,GE,Refrigerator,https://www.partselect.com/PS11726970-GE-WR71X25603-Refrigerator-Bin-Door-Assembly-42.htm
PS11727779,Refrigerator Compressor W10823815,Whirlpool,"Refrigerator, Freezer, Ice Maker",https://www.partselect.com/PS11727779-Whirlpool-W10823815-Refrigerator-Compressor.htm
PS11727929,Dishwasher Dishrack Adjuster (Left) W10837306,Whirlpool,Dishwasher,https://www.partselect.com/PS11727929-Whirlpool-W10837306-Dishwasher-Dishrack-Adjuster-Left.htm
PS11727983,Refrigerator Door Gasket - White W10838574,Whirlpool,Refrigerator,https://www.partselect.com/PS11727983-Whirlpool-W10838574-Refrigerator-Door-Gasket-White.htm
PS11729017,"HANDLE ASSEMBLY, REFRIGERATOR AED37082990",LG,Refrigerator,https://www.partselect.com/PS11729017-LG-AED37082990-HANDLE-ASSEMBLY-REFRIGERATOR.htm
PS11729209,Dishwasher Control Panel Assembly WD34X21665,GE,Dishwasher,https://www.partselect.com/PS11729209-GE-WD34X21665-Dishwasher-Control-Panel-Assembly.htm
PS11730987,Refrigerator Light and Filter Housing W10842950,Whirlpool,Refrigerator,https://www.partselect.com/PS11730987-Whirlpool-W10842950-Refrigerator-Light-and-Filter-Housing.htm
PS11731145,Dishwasher Dishrack Roller W10850374,Whirlpool,Dishwasher,https://www.partselect.com/PS11731145-Whirlpool-W10850374-Dishwasher-Dishrack-Roller.htm
PS11731260,Refrigerator Crisper Drawer W10854037,Whirlpool,Refrigerator,https://www.partselect.com/PS11731260-Whirlpool-W10854037-Refrigerator-Crisper-Drawer.htm
PS11731270,Dishwasher Electronic Control Board W10854222,Whirlpool,Dishwasher,https://www.partselect.com/PS11731270-Whirlpool-W10854222-Dishwasher-Electronic-Control-Board.htm
PS11731272,Dishwasher Electronic Control Board W10854225,Whirlpool,Dishwasher,https://www.partselect.com/PS11731272-Whirlpool-W10854225-Dishwasher-Electronic-Control-Board.htm
PS11731320,Refrigerator Screw W10856122,Whirlpool,"Refrigerator, Washer",https://www.partselect.com/PS11731320-Whirlpool-W10856122-Refrigerator-Screw.htm
PS11731394,Refrigerator Snack Drawer W10858273,Whirlpool,Refrigerator,https://www.partselect.com/PS11731394-Whirlpool-W10858273-Refrigerator-Snack-Drawer.htm
PS11731515,Refrigerator Door Bin W10860198,Whirlpool,Refrigerator,https://www.partselect.com/PS11731515-Whirlpool-W10860198-Refrigerator-Door-Bin.htm
PS11731571,Refrigerator Door Gasket W10861004,Whirlpool,Refrigerator,https://www.partselect.com/PS11731571-Whirlpool-W10861004-Refrigerator-Door-Gasket.htm
PS11731612,Dishwasher Pump and Motor Assembly W10861526,Whirlpool,Dishwasher,https://www.partselect.com/PS11731612-Whirlpool-W10861526-Dishwasher-Pump-and-Motor-Assembly.htm
PS11731731,Dishwasher Rinse-Aid Dispenser Cap W10864394,Whirlpool,Dishwasher,https://www.partselect.com/PS11731731-Whirlpool-W10864394-Dishwasher-Rinse-Aid-Dispenser-Cap.htm
PS11731733,Refrigerator Shelf Glass W10864399,Whirlpool,Refrigerator,https://www.partselect.com/PS11731733-Whirlpool-W10864399-Refrigerator-Shelf-Glass.htm
PS11736562,Dishwasher Door Handle WD09X21321,GE,Dishwasher,https://www.partselect.com/PS11736562-GE-WD09X21321-Dishwasher-Door-Handle.htm
PS11736595,Dishwasher Control Panel Overlay WD34X21700,GE,Dishwasher,https://www.partselect.com/PS11736595-GE-WD34X21700-Dishwasher-Control-Panel-Overlay.htm
PS11736941,Refrigerator Door Handle Set WR12X25069,GE,Refrigerator,https://www.partselect.com/PS11736941-GE-WR12X25069-Refrigerator-Door-Handle-Set.htm
PS11736988,Refrigerator Dispenser Drip Tray WR17X23167,GE,Refrigerator,https://www.partselect.com/PS11736988-GE-WR17X23167-Refrigerator-Dispenser-Drip-Tray.htm
PS11737030,Refrigerator DRIP TRAY CUP Stainless Steel WR17X26572,GE,Refrigerator,https://www.partselect.com/PS11737030-GE-WR17X26572-Refrigerator-DRIP-TRAY-CUP-Stainless-Steel.htm
PS11737116,Refrigerator Condenser Fan Motor Assembly WR60X25786,GE,Refrigerator,https://www.partselect.com/PS11737116-GE-WR60X25786-Refrigerator-Condenser-Fan-Motor-Assembly.htm
PS11738069,Refrigerator Temperature Control Thermostat W10866230,Whirlpool,Refrigerator,https://www.partselect.com/PS11738069-Whirlpool-W10866230-Refrigerator-Temperature-Control-Thermostat.htm
PS11738105,Refrigerator Crisper Pan W10872066,Whirlpool,Refrigerator,https://www.partselect.com/PS11738105-Whirlpool-W10872066-Refrigerator-Crisper-Pan.htm
PS11738120,Refrigerator Ice Maker W10873791,Whirlpool,Refrigerator,https://www.partselect.com/PS11738120-Whirlpool-W10873791-Refrigerator-Ice-Maker.htm
PS11738149,Dishwasher Dispenser W10876529,Whirlpool,Dishwasher,https://www.partselect.com/PS11738149-Whirlpool-W10876529-Dishwasher-Dispenser.htm
PS11738151,Dishwasher Drain Pump W10876537,Whirlpool,Dishwasher,https://www.partselect.com/PS11738151-Whirlpool-W10876537-Dishwasher-Drain-Pump.htm
PS11738163,Dishwasher Tub Sound Shield W10877094,Whirlpool,Dishwasher,https://www.partselect.com/PS11738163-Whirlpool-W10877094-Dishwasher-Tub-Sound-Shield.htm
PS11738202,Refrigerator Compressor Start Relay WP10097202,Whirlpool,"Refrigerator, Freezer",https://www.partselect.com/PS11738202-Whirlpool-WP10097202-Refrigerator-Compressor-Start-Relay.htm
PS11738226,Refrigerator Defrost Heater WP10428409,Whirlpool,Refrigerator,https://www.partselect.com/PS11738226-Whirlpool-WP10428409-Refrigerator-Defrost-Heater.htm
PS11738235,Refrigerator Single Roller WP10450603,Whirlpool,Refrigerator,https://www.partselect.com/PS11738235-Whirlpool-WP10450603-Refrigerator-Single-Roller.htm
PS11738267,Refrigerator Screw Cover WP1101634,Whirlpool,Refrigerator,https://www.partselect.com/PS11738267-Whirlpool-WP1101634-Refrigerator-Screw-Cover.htm
PS11738277,Refrigerator Crisper Cover WP1112247,Whirlpool,Refrigerator,https://www.partselect.com/PS11738277-Whirlpool-WP1112247-Refrigerator-Crisper-Cover.htm
PS11738279,Refrigerator Crisper Drawer Cover WP1113894,Whirlpool,Refrigerator,https://www.partselect.com/PS11738279-Whirlpool-WP1113894-Refrigerator-Crisper-Drawer-Cover.htm
PS11738282,Refrigerator Shelf Support Stud WP1114631,Whirlpool,Refrigerator,https://www.partselect.com/PS11738282-Whirlpool-WP1114631-Refrigerator-Shelf-Support-Stud.htm
PS11738286,Refrigerator Shelf Track WP1115265,Whirlpool,Refrigerator,https://www.partselect.com/PS11738286-Whirlpool-WP1115265-Refrigerator-Shelf-Track.htm
PS11738289,Refrigerator Crisper Cover WP1116742,Whirlpool,Refrigerator,https://www.partselect.com/PS11738289-Whirlpool-WP1116742-Refrigerator-Crisper-Cover.htm
PS11738296,Refrigerator Single Flat Spacer WP1119007,Whirlpool,Refrigerator,https://www.partselect.com/PS11738296-Whirlpool-WP1119007-Refrigerator-Single-Flat-Spacer.htm
PS11738297,Refrigerator Ice Deflector WP1119017,Whirlpool,Refrigerator,https://www.partselect.com/PS11738297-Whirlpool-WP1119017-Refrigerator-Ice-Deflector.htm
PS11738298,Refrigerator Nut Bearing WP1119018,Whirlpool,Refrigerator,https://www.partselect.com/PS11738298-Whirlpool-WP1119018-Refrigerator-Nut-Bearing.htm
PS11738300,Refrigerator Ice Door Mechanism WP1120581,Whirlpool,Refrigerator,https://www.partselect.com/PS11738300-Whirlpool-WP1120581-Refrigerator-Ice-Door-Mechanism.htm
PS11738307,Refrigerator Crisper Cover Frame WP1126289,Whirlpool,Refrigerator,https://www.partselect.com/PS11738307-Whirlpool-WP1126289-Refrigerator-Crisper-Cover-Frame.htm
PS11738311,Refrigerator Upper Hinge Cover WP1129262,Whirlpool,Refrigerator,https://www.partselect.com/PS11738311-Whirlpool-WP1129262-Refrigerator-Upper-Hinge-Cover.htm
PS11738468,Refrigerator Door Closer (Apollo Gray) WP12028505AP,Whirlpool,Refrigerator,https://www.partselect.com/PS11738468-Whirlpool-WP12028505AP-Refrigerator-Door-Closer-Apollo-Gray.htm
PS11738482,Refrigerator Heater Ev WP12219401,Whirlpool,Refrigerator,https://www.partselect.com/PS11738482-Whirlpool-WP12219401-Refrigerator-Heater-Ev.htm
PS11738483,Refrigerator Support WP12227302WD,Whirlpool,Refrigerator,https://www.partselect.com/PS11738483-Whirlpool-WP12227302WD-Refrigerator-Support.htm
PS11738484,Refrigerator Crisper Frame Brace WP12227303WD,Whirlpool,Refrigerator,https://www.partselect.com/PS11738484-Whirlpool-WP12227303WD-Refrigerator-Crisper-Frame-Brace.htm
PS11738487,Refrigerator Button Pl WP12246608,Whirlpool,Refrigerator,https://www.partselect.com/PS11738487-Whirlpool-WP12246608-Refrigerator-Button-Pl.htm
PS11738521,Refrigerator Door Gasket WP12550109Q,Whirlpool,Refrigerator,https://www.partselect.com/PS11738521-Whirlpool-WP12550109Q-Refrigerator-Door-Gasket.htm
PS11738523,Refrigerator Fresh Food Door Gasket WP12550111Q,Whirlpool,Refrigerator,https://www.partselect.com/PS11738523-Whirlpool-WP12550111Q-Refrigerator-Fresh-Food-Door-Gasket.htm
PS11738526,Refrigerator Door Gasket WP12550115Q,Whirlpool,Refrigerator,https://www.partselect.com/PS11738526-Whirlpool-WP12550115Q-Refrigerator-Door-Gasket.htm
PS11738529,Refrigerator Fresh Food Door Gasket WP12550121Q,Whirlpool,Refrigerator,https://www.partselect.com/PS11738529-Whirlpool-WP12550121Q-Refrigerator-Fresh-Food-Door-Gasket.htm
PS11738533,Refrigerator Overload Relay Combination WP12555902,Whirlpool,Refrigerator,https://www.partselect.com/PS11738533-Whirlpool-WP12555902-Refrigerator-Overload-Relay-Combination.htm
PS11738537,Refrigerator Spring WP12565502,Whirlpool,Refrigerator,https://www.partselect.com/PS11738537-Whirlpool-WP12565502-Refrigerator-Spring.htm
PS11738539,Refrigerator Door Hinge WP12566606ED,Whirlpool,Refrigerator,https://www.partselect.com/PS11738539-Whirlpool-WP12566606ED-Refrigerator-Door-Hinge.htm
PS11738540,Refrigerator Door Hinge WP12566607ED,Whirlpool,Refrigerator,https://www.partselect.com/PS11738540-Whirlpool-WP12566607ED-Refrigerator-Door-Hinge.htm
PS11738541,Refrigerator Water Filter Cover WP12568001,Whirlpool,Refrigerator,https://www.partselect.com/PS11738541-Whirlpool-WP12568001-Refrigerator-Water-Filter-Cover.htm
PS11738544,Refrigerator Limit Switch WP12575501,Whirlpool,Refrigerator,https://www.partselect.com/PS11738544-Whirlpool-WP12575501-Refrigerator-Limit-Switch.htm
PS11738556,Refrigerator Crisper Frame Support WP12603701,Whirlpool,Refrigerator,https://www.partselect.com/PS11738556-Whirlpool-WP12603701-Refrigerator-Crisper-Frame-Support.htm
PS11738564,Refrigerator Crisper Brace WP12642303WD,Whirlpool,Refrigerator,https://www.partselect.com/PS11738564-Whirlpool-WP12642303WD-Refrigerator-Crisper-Brace.htm
PS11738568,Refrigerator Pantry End Cap WP12656018,Whirlpool,Refrigerator,https://www.partselect.com/PS11738568-Whirlpool-WP12656018-Refrigerator-Pantry-End-Cap.htm
PS11738573,Refrigerator Pantry End Cap WP12656105,Whirlpool,Refrigerator,https://www.partselect.com/PS11738573-Whirlpool-WP12656105-Refrigerator-Pantry-End-Cap.htm
PS11738574,Refrigerator Cover WP12656822,Whirlpool,Refrigerator,https://www.partselect.com/PS11738574-Whirlpool-WP12656822-Refrigerator-Cover.htm
PS11738596,Refrigerator Vertical Mullion Rail - Black WP12722803B,Whirlpool,Refrigerator,https://www.partselect.com/PS11738596-Whirlpool-WP12722803B-Refrigerator-Vertical-Mullion-Rail-Black.htm
PS11738597,Refrigerator Vertical Mullion Rail (White) WP12722803W,Whirlpool,Refrigerator,https://www.partselect.com/PS11738597-Whirlpool-WP12722803W-Refrigerator-Vertical-Mullion-Rail-White.htm
PS11738598,Refrigerator Flipper Assembly WP12722813AP,Whirlpool,Refrigerator,https://www.partselect.com/PS11738598-Whirlpool-WP12722813AP-Refrigerator-Flipper-Assembly.htm
PS11738615,Refrigerator Door Handle WP12781004W,Whirlpool,Refrigerator,https://www.partselect.com/PS11738615-Whirlpool-WP12781004W-Refrigerator-Door-Handle.htm
PS11738661,Refrigerator Screw WP12990527,Whirlpool,"Refrigerator, Dryer, Air Conditioner, Washer",https://www.partselect.com/PS11738661-Whirlpool-WP12990527-Refrigerator-Screw.htm
PS11738663,Refrigerator Screw WP12992902,Whirlpool,"Refrigerator, Range",https://www.partselect.com/PS11738663-Whirlpool-WP12992902-Refrigerator-Screw.htm
PS11738664,Refrigerator Dispenser Grille WP12999301B,Whirlpool,Refrigerator,https://www.partselect.com/PS11738664-Whirlpool-WP12999301B-Refrigerator-Dispenser-Grille.htm
PS11738711,Refrigerator Drip Pan WP2001264,Whirlpool,Refrigerator,https://www.partselect.com/PS11738711-Whirlpool-WP2001264-Refrigerator-Drip-Pan.htm
PS11738734,Refrigerator Door Shelf Trim WP2003128,Whirlpool,Refrigerator,https://www.partselect.com/PS11738734-Whirlpool-WP2003128-Refrigerator-Door-Shelf-Trim.htm
PS11738741,Refrigerator Bottom Door Hinge WP2004523,Whirlpool,Refrigerator,https://www.partselect.com/PS11738741-Whirlpool-WP2004523-Refrigerator-Bottom-Door-Hinge.htm
PS11738766,Bottom Door Hinge - Refrigerator Side WP2006780,Whirlpool,Refrigerator,https://www.partselect.com/PS11738766-Whirlpool-WP2006780-Bottom-Door-Hinge-Refrigerator-Side.htm
PS11738897,Refrigerator Crisper Pan WP2148279,Whirlpool,Refrigerator,https://www.partselect.com/PS11738897-Whirlpool-WP2148279-Refrigerator-Crisper-Pan.htm
PS11738898,Refrigerator Crisper Drawer Cover WP2148298,Whirlpool,Refrigerator,https://www.partselect.com/PS11738898-Whirlpool-WP2148298-Refrigerator-Crisper-Drawer-Cover.htm
PS11738899,Refrigerator Shelf Support Stud WP2149540,Whirlpool,Refrigerator,https://www.partselect.com/PS11738899-Whirlpool-WP2149540-Refrigerator-Shelf-Support-Stud.htm
PS11738904,Refrigerator Button Plug (White) WP2151652,Whirlpool,"Refrigerator, Ice Maker, Freezer",https://www.partselect.com/PS11738904-Whirlpool-WP2151652-Refrigerator-Button-Plug-White.htm
PS11738905,Refrigerator Crisper Drawer Shelf Frame WP2151749,Whirlpool,Refrigerator,https://www.partselect.com/PS11738905-Whirlpool-WP2151749-Refrigerator-Crisper-Drawer-Shelf-Frame.htm
PS11738908,Refrigerator Soleniod Assembly WP2152713,Whirlpool,Refrigerator,https://www.partselect.com/PS11738908-Whirlpool-WP2152713-Refrigerator-Soleniod-Assembly.htm
PS11738914,Refrigerator Bottom Kickplate Clip WP2155013,Whirlpool,Refrigerator,https://www.partselect.com/PS11738914-Whirlpool-WP2155013-Refrigerator-Bottom-Kickplate-Clip.htm
PS11738921,Refrigerator Fan Motor Retainer/Bracket WP2155590,Whirlpool,Refrigerator,https://www.partselect.com/PS11738921-Whirlpool-WP2155590-Refrigerator-Fan-Motor-Retainer-Bracket.htm
PS11738927,Refrigerator Door Shelf Retainer Bar End Cap WP2156003,Whirlpool,Refrigerator,https://www.partselect.com/PS11738927-Whirlpool-WP2156003-Refrigerator-Door-Shelf-Retainer-Bar-End-Cap.htm
PS11738928,Refrigerator End Cap Trim Piece WP2156006,Whirlpool,"Refrigerator, Freezer",https://www.partselect.com/PS11738928-Whirlpool-WP2156006-Refrigerator-End-Cap-Trim-Piece.htm
PS11738929,Refrigerator End Cap Trim WP2156007,Whirlpool,Refrigerator,https://www.partselect.com/PS11738929-Whirlpool-WP2156007-Refrigerator-End-Cap-Trim.htm
PS11738930,Refrigerator Door Trim WP2156021,Whirlpool,Refrigerator,https://www.partselect.com/PS11738930-Whirlpool-WP2156021-Refrigerator-Door-Trim.htm
PS11738931,Refrigerator Door Shelf WP2156022,Whirlpool,Refrigerator,https://www.partselect.com/PS11738931-Whirlpool-WP2156022-Refrigerator-Door-Shelf.htm
PS11738947,Refrigerator Terminal Cover WP2162358,Whirlpool,"Refrigerator, Ice Maker, Freezer, Range",https://www.partselect.com/PS11738947-Whirlpool-WP2162358-Refrigerator-Terminal-Cover.htm
PS11738948,Refrigerator Micro Switch WP2162361,Whirlpool,Refrigerator,https://www.partselect.com/PS11738948-Whirlpool-WP2162361-Refrigerator-Micro-Switch.htm
PS11738950,Refrigerator Door Handle Cut to Fit WP2162555,Whirlpool,Refrigerator,https://www.partselect.com/PS11738950-Whirlpool-WP2162555-Refrigerator-Door-Handle-Cut-to-Fit.htm
PS11738953,Refrigerator Door Shelf Trim WP2163629,Whirlpool,Refrigerator,https://www.partselect.com/PS11738953-Whirlpool-WP2163629-Refrigerator-Door-Shelf-Trim.htm
PS11738956,Refrigerator Crisper Drawer Rail WP2163835,Whirlpool,Refrigerator,https://www.partselect.com/PS11738956-Whirlpool-WP2163835-Refrigerator-Crisper-Drawer-Rail.htm
PS11738961,Refrigerator Center Door Hinge WP2166037,Whirlpool,Refrigerator,https://www.partselect.com/PS11738961-Whirlpool-WP2166037-Refrigerator-Center-Door-Hinge.htm
PS11738976,Refrigerator Door Handle WP2169730,Whirlpool,Refrigerator,https://www.partselect.com/PS11738976-Whirlpool-WP2169730-Refrigerator-Door-Handle.htm
PS11738978,Refrigerator Glass Shelf WP2169921,Whirlpool,Refrigerator,https://www.partselect.com/PS11738978-Whirlpool-WP2169921-Refrigerator-Glass-Shelf.htm
PS11738980,Refrigerator Door Trim Shelf WP2171157,Whirlpool,Refrigerator,https://www.partselect.com/PS11738980-Whirlpool-WP2171157-Refrigerator-Door-Trim-Shelf.htm
PS11738983,Refrigerator Door Ice Compartment WP2171713,Whirlpool,Refrigerator,https://www.partselect.com/PS11738983-Whirlpool-WP2171713-Refrigerator-Door-Ice-Compartment.htm
PS11738984,Refrigerator Crisper Drawer Support Cut to Fit WP2172748,Whirlpool,Refrigerator,https://www.partselect.com/PS11738984-Whirlpool-WP2172748-Refrigerator-Crisper-Drawer-Support-Cut-to-Fit.htm
PS11738989,Refrigerator Shelfwire WP2174249K,Whirlpool,Refrigerator,https://www.partselect.com/PS11738989-Whirlpool-WP2174249K-Refrigerator-Shelfwire.htm
PS11738992,Refrigerator Wire Shelf WP2174267,Whirlpool,Refrigerator,https://www.partselect.com/PS11738992-Whirlpool-WP2174267-Refrigerator-Wire-Shelf.htm
PS11739007,Refrigerator Crisper Drawer Glass WP2176225,Whirlpool,Refrigerator,https://www.partselect.com/PS11739007-Whirlpool-WP2176225-Refrigerator-Crisper-Drawer-Glass.htm
PS11739017,Refrigerator Door Shelf WP2177962K,Whirlpool,Refrigerator,https://www.partselect.com/PS11739017-Whirlpool-WP2177962K-Refrigerator-Door-Shelf.htm
PS11739020,Refrigerator Crisper Drawer WP2179227,Whirlpool,Refrigerator,https://www.partselect.com/PS11739020-Whirlpool-WP2179227-Refrigerator-Crisper-Drawer.htm
PS11739022,Refrigerator Snack Pan Handle Trim WP2179243,Whirlpool,Refrigerator,https://www.partselect.com/PS11739022-Whirlpool-WP2179243-Refrigerator-Snack-Pan-Handle-Trim.htm
PS11739024,Refrigerator Housing Humidity Control WP2179343,Whirlpool,Refrigerator,https://www.partselect.com/PS11739024-Whirlpool-WP2179343-Refrigerator-Housing-Humidity-Control.htm
PS11739026,Refrigerator Ice Guide WP2180224,Whirlpool,Refrigerator,https://www.partselect.com/PS11739026-Whirlpool-WP2180224-Refrigerator-Ice-Guide.htm
PS11739027,Refrigerator Control Bracket WP2180226,Whirlpool,Refrigerator,https://www.partselect.com/PS11739027-Whirlpool-WP2180226-Refrigerator-Control-Bracket.htm
PS11739034,Refrigerator Dispenser Grille WP2180325,Whirlpool,Refrigerator,https://www.partselect.com/PS11739034-Whirlpool-WP2180325-Refrigerator-Dispenser-Grille.htm
PS11739035,Refrigerator Ice Dispenser Door Chute WP2180353,Whirlpool,Refrigerator,https://www.partselect.com/PS11739035-Whirlpool-WP2180353-Refrigerator-Ice-Dispenser-Door-Chute.htm
PS11739037,Refrigerator Hinge Shim WP2181911,Whirlpool,Refrigerator,https://www.partselect.com/PS11739037-Whirlpool-WP2181911-Refrigerator-Hinge-Shim.htm
PS11739041,Refrigerator Ice Stripper WP2182124,Whirlpool,"Refrigerator, Ice Maker, Freezer",https://www.partselect.com/PS11739041-Whirlpool-WP2182124-Refrigerator-Ice-Stripper.htm
PS11739042,Refrigerator Lower Door Closing Cam WP2182179,Whirlpool,Refrigerator,https://www.partselect.com/PS11739042-Whirlpool-WP2182179-Refrigerator-Lower-Door-Closing-Cam.htm
PS11739043,Refrigerator Thimble Top WP2182181,Whirlpool,Refrigerator,https://www.partselect.com/PS11739043-Whirlpool-WP2182181-Refrigerator-Thimble-Top.htm
PS11739044,Refrigerator Door Shelf Trim WP2182189,Whirlpool,Refrigerator,https://www.partselect.com/PS11739044-Whirlpool-WP2182189-Refrigerator-Door-Shelf-Trim.htm
PS11739045,Refrigerator Cam Assembly WP2182195,Whirlpool,Refrigerator,https://www.partselect.com/PS11739045-Whirlpool-WP2182195-Refrigerator-Cam-Assembly.htm
PS11739048,Refrigerator Temperature Control Thermostat WP2182770,Whirlpool,Refrigerator,https://www.partselect.com/PS11739048-Whirlpool-WP2182770-Refrigerator-Temperature-Control-Thermostat.htm
PS11739054,Refrigerator Door Handle End Cap Chrome WP2183139,Whirlpool,Refrigerator,https://www.partselect.com/PS11739054-Whirlpool-WP2183139-Refrigerator-Door-Handle-End-Cap-Chrome.htm
PS11739056,Refrigerator Defrost Timer Kit WP2183400,Whirlpool,Refrigerator,https://www.partselect.com/PS11739056-Whirlpool-WP2183400-Refrigerator-Defrost-Timer-Kit.htm
PS11739057,Refrigerator Overload WP2183456,Whirlpool,"Refrigerator, Freezer",https://www.partselect.com/PS11739057-Whirlpool-WP2183456-Refrigerator-Overload.htm
PS11739063,Refrigerator Shim Hinge Center WP2183854,Whirlpool,"Refrigerator, Freezer",https://www.partselect.com/PS11739063-Whirlpool-WP2183854-Refrigerator-Shim-Hinge-Center.htm
PS11739083,Refrigerator Housing Water Filter WP2186443,Whirlpool,Refrigerator,https://www.partselect.com/PS11739083-Whirlpool-WP2186443-Refrigerator-Housing-Water-Filter.htm
PS11739084,Refrigerator Water Filter Cap WP2186494B,Whirlpool,"Refrigerator, Wine and Beverage Cooler",https://www.partselect.com/PS11739084-Whirlpool-WP2186494B-Refrigerator-Water-Filter-Cap.htm
PS11739085,Refrigerator Water Filter Cap WP2186494T,Whirlpool,Refrigerator,https://www.partselect.com/PS11739085-Whirlpool-WP2186494T-Refrigerator-Water-Filter-Cap.htm
PS11739091,Refrigerator Door Shelf Bin -  White WP2187172,Whirlpool,Refrigerator,https://www.partselect.com/PS11739091-Whirlpool-WP2187172-Refrigerator-Door-Shelf-Bin-White.htm
PS11739092,Refrigerator Door Shelf Bin WP2187197K,Whirlpool,Refrigerator,https://www.partselect.com/PS11739092-Whirlpool-WP2187197K-Refrigerator-Door-Shelf-Bin.htm
PS11739111,Refrigerator Flip Up Door Shelf WP2188236,Whirlpool,Refrigerator,https://www.partselect.com/PS11739111-Whirlpool-WP2188236-Refrigerator-Flip-Up-Door-Shelf.htm
PS11739113,Refrigerator Ice Dispenser Kit Motor 120v 60hz WP2188242,Whirlpool,Refrigerator,https://www.partselect.com/PS11739113-Whirlpool-WP2188242-Refrigerator-Ice-Dispenser-Kit-Motor-120v-60hz.htm
PS11739119,Refrigerator Crisper Drawer with Humidity Control WP2188656,Whirlpool,Refrigerator,https://www.partselect.com/PS11739119-Whirlpool-WP2188656-Refrigerator-Crisper-Drawer-with-Humidity-Control.htm
PS11739120,Refrigerator Crisper Pan WP2188661,Whirlpool,Refrigerator,https://www.partselect.com/PS11739120-Whirlpool-WP2188661-Refrigerator-Crisper-Pan.htm
PS11739122,Refrigerator Crisper Drawer With Handle WP2188664,Whirlpool,Refrigerator,https://www.partselect.com/PS11739122-Whirlpool-WP2188664-Refrigerator-Crisper-Drawer-With-Handle.htm
PS11739128,Refrigerator Inlet Valve WP2188785,Whirlpool,Refrigerator,https://www.partselect.com/PS11739128-Whirlpool-WP2188785-Refrigerator-Inlet-Valve.htm
PS11739130,Refrigerator Water Inlet Valve 120v 50/60hz WP2188808,Whirlpool,Refrigerator,https://www.partselect.com/PS11739130-Whirlpool-WP2188808-Refrigerator-Water-Inlet-Valve-120v-50-60hz.htm
PS11739131,Refrigerator Thermistor WP2188819,Whirlpool,Refrigerator,https://www.partselect.com/PS11739131-Whirlpool-WP2188819-Refrigerator-Thermistor.htm
PS11739135,Refrigerator Start Device WP2188831,Whirlpool,Refrigerator,https://www.partselect.com/PS11739135-Whirlpool-WP2188831-Refrigerator-Start-Device.htm
PS11739151,Refrigerator Top Door Hinge WP2189412,Whirlpool,Refrigerator,https://www.partselect.com/PS11739151-Whirlpool-WP2189412-Refrigerator-Top-Door-Hinge.htm
PS11739156,Refrigerator Handle End Cap WP2191883,Whirlpool,Refrigerator,https://www.partselect.com/PS11739156-Whirlpool-WP2191883-Refrigerator-Handle-End-Cap.htm
PS11739157,Refrigerator Crisper Pan WP2192009,Whirlpool,Refrigerator,https://www.partselect.com/PS11739157-Whirlpool-WP2192009-Refrigerator-Crisper-Pan.htm
PS11739158,Refrigerator Defrost Thermostat w/Wiring Harness WP2192096,Whirlpool,Refrigerator,https://www.partselect.com/PS11739158-Whirlpool-WP2192096-Refrigerator-Defrost-Thermostat-w-Wiring-Harness.htm
PS11739168,Refrigerator Trim Handle (White) WP2193353W,Whirlpool,Refrigerator,https://www.partselect.com/PS11739168-Whirlpool-WP2193353W-Refrigerator-Trim-Handle-White.htm
PS11739183,Refrigerator Levers Retainer Clip WP2194719,Whirlpool,Refrigerator,https://www.partselect.com/PS11739183-Whirlpool-WP2194719-Refrigerator-Levers-Retainer-Clip.htm
PS11739188,Refrigerator Bottom Handle Trim WP2194969B,Whirlpool,Refrigerator,https://www.partselect.com/PS11739188-Whirlpool-WP2194969B-Refrigerator-Bottom-Handle-Trim.htm
PS11739192,Refrigerator Upper Handle Trim (White) WP2194973W,Whirlpool,Refrigerator,https://www.partselect.com/PS11739192-Whirlpool-WP2194973W-Refrigerator-Upper-Handle-Trim-White.htm
PS11739193,Refrigerator Strain Relief WP2195051,Whirlpool,Refrigerator,https://www.partselect.com/PS11739193-Whirlpool-WP2195051-Refrigerator-Strain-Relief.htm
PS11739196,Refrigerator Door Handle Trim Clip WP2195327,Whirlpool,Refrigerator,https://www.partselect.com/PS11739196-Whirlpool-WP2195327-Refrigerator-Door-Handle-Trim-Clip.htm
PS11739203,Refrigerator Shelf End Cap (White) WP2195915,Whirlpool,Refrigerator,https://www.partselect.com/PS11739203-Whirlpool-WP2195915-Refrigerator-Shelf-End-Cap-White.htm
PS11739204,Refrigerator Door Shelf End Cap WP2195916K,Whirlpool,Refrigerator,https://www.partselect.com/PS11739204-Whirlpool-WP2195916K-Refrigerator-Door-Shelf-End-Cap.htm
PS11739205,Refrigerator Endcap Left Side WP2195917K,Whirlpool,Refrigerator,https://www.partselect.com/PS11739205-Whirlpool-WP2195917K-Refrigerator-Endcap-Left-Side.htm
PS11739208,Refrigerator Door Trim WP2195943,Whirlpool,Refrigerator,https://www.partselect.com/PS11739208-Whirlpool-WP2195943-Refrigerator-Door-Trim.htm
PS11739216,Refrigerator Thermostat Sensor Barrier WP2196003,Whirlpool,"Refrigerator, Freezer, Range",https://www.partselect.com/PS11739216-Whirlpool-WP2196003-Refrigerator-Thermostat-Sensor-Barrier.htm
PS11739217,Refrigerator Top Door Hinge WP2196046,Whirlpool,Refrigerator,https://www.partselect.com/PS11739217-Whirlpool-WP2196046-Refrigerator-Top-Door-Hinge.htm
PS11739219,Refrigerator Ice Container WP2196089,Whirlpool,Refrigerator,https://www.partselect.com/PS11739219-Whirlpool-WP2196089-Refrigerator-Ice-Container.htm
PS11739220,Refrigerator Ice Container WP2196090,Whirlpool,Refrigerator,https://www.partselect.com/PS11739220-Whirlpool-WP2196090-Refrigerator-Ice-Container.htm
PS11739221,Refrigerator Shelf Retainer End Cap WP2196100,Whirlpool,Refrigerator,https://www.partselect.com/PS11739221-Whirlpool-WP2196100-Refrigerator-Shelf-Retainer-End-Cap.htm
PS11739223,Refrigerator Door Shelf Retainer Bar End Cap WP2196189,Whirlpool,Refrigerator,https://www.partselect.com/PS11739223-Whirlpool-WP2196189-Refrigerator-Door-Shelf-Retainer-Bar-End-Cap.htm
PS11739224,Refrigerator Door Shelf Retainer Bar End Cap WP2196190,Whirlpool,Refrigerator,https://www.partselect.com/PS11739224-Whirlpool-WP2196190-Refrigerator-Door-Shelf-Retainer-Bar-End-Cap.htm
PS11739225,Refrigerator Dispenser Door Pin WP2196195,Whirlpool,Refrigerator,https://www.partselect.com/PS11739225-Whirlpool-WP2196195-Refrigerator-Dispenser-Door-Pin.htm
PS11739228,Refrigerator Single Shelf Stud WP2196483,Whirlpool,Refrigerator,https://www.partselect.com/PS11739228-Whirlpool-WP2196483-Refrigerator-Single-Shelf-Stud.htm
PS11739230,Refrigerator Lower Door Shelf Trim WP2197356,Whirlpool,Refrigerator,https://www.partselect.com/PS11739230-Whirlpool-WP2197356-Refrigerator-Lower-Door-Shelf-Trim.htm
PS11739232,Refrigerator Thermostat Assembly WP2198202,Whirlpool,Refrigerator,https://www.partselect.com/PS11739232-Whirlpool-WP2198202-Refrigerator-Thermostat-Assembly.htm
PS11739236,Refrigerator Ice Container WP2198573,Whirlpool,Refrigerator,https://www.partselect.com/PS11739236-Whirlpool-WP2198573-Refrigerator-Ice-Container.htm
PS11739240,Refrigerator Spring Latch WP2198608,Whirlpool,Refrigerator,https://www.partselect.com/PS11739240-Whirlpool-WP2198608-Refrigerator-Spring-Latch.htm
PS11739241,Refrigerator Seal WP2198628,Whirlpool,Refrigerator,https://www.partselect.com/PS11739241-Whirlpool-WP2198628-Refrigerator-Seal.htm
PS11739242,Refrigerator Flipper WP2198633,Whirlpool,Refrigerator,https://www.partselect.com/PS11739242-Whirlpool-WP2198633-Refrigerator-Flipper.htm
PS11739247,Refrigerator Washer Coupling WP2198661,Whirlpool,Refrigerator,https://www.partselect.com/PS11739247-Whirlpool-WP2198661-Refrigerator-Washer-Coupling.htm
PS11739258,Refrigerator Dispenser Overflow Grille WP2200088B,Whirlpool,Refrigerator,https://www.partselect.com/PS11739258-Whirlpool-WP2200088B-Refrigerator-Dispenser-Overflow-Grille.htm
PS11739347,Refrigerator Light Bulb 10w WP22002263,Whirlpool,"Refrigerator, Dryer, Washer Dryer Combo, Wine and Beverage Cooler",https://www.partselect.com/PS11739347-Whirlpool-WP22002263-Refrigerator-Light-Bulb-10w.htm
PS11739544,Refrigerator Door Shelf Trim WP2201051,Whirlpool,Refrigerator,https://www.partselect.com/PS11739544-Whirlpool-WP2201051-Refrigerator-Door-Shelf-Trim.htm
PS11739546,Refrigerator Door Trim WP2201060,Whirlpool,Refrigerator,https://www.partselect.com/PS11739546-Whirlpool-WP2201060-Refrigerator-Door-Trim.htm
PS11739547,Refrigerator Door Shelf Trim WP2201061,Whirlpool,Refrigerator,https://www.partselect.com/PS11739547-Whirlpool-WP2201061-Refrigerator-Door-Shelf-Trim.htm
PS11739570,Refrigerator Screw Cover WP2202819W,Whirlpool,Refrigerator,https://www.partselect.com/PS11739570-Whirlpool-WP2202819W-Refrigerator-Screw-Cover.htm
PS11739582,Refrigerator Hinge Cover WP2203407B,Whirlpool,Refrigerator,https://www.partselect.com/PS11739582-Whirlpool-WP2203407B-Refrigerator-Hinge-Cover.htm
PS11739584,Refrigerator Hinge Cover WP2203408B,Whirlpool,Refrigerator,https://www.partselect.com/PS11739584-Whirlpool-WP2203408B-Refrigerator-Hinge-Cover.htm
PS11739592,Refrigerator Lower Handle Extension WP2203571B,Whirlpool,Refrigerator,https://www.partselect.com/PS11739592-Whirlpool-WP2203571B-Refrigerator-Lower-Handle-Extension.htm
PS11739597,Refrigerator Top Hinge Right Side WP2203771,Whirlpool,Refrigerator,https://www.partselect.com/PS11739597-Whirlpool-WP2203771-Refrigerator-Top-Hinge-Right-Side.htm
PS11739598,Refrigerator Cantilever Bin (White) WP2203828,Whirlpool,Refrigerator,https://www.partselect.com/PS11739598-Whirlpool-WP2203828-Refrigerator-Cantilever-Bin-White.htm
PS11739599,Refrigerator Door Bin WP2203872,Whirlpool,Refrigerator,https://www.partselect.com/PS11739599-Whirlpool-WP2203872-Refrigerator-Door-Bin.htm
PS11739602,Refrigerator Temperature Control Thermostat WP2204605,Whirlpool,Refrigerator,https://www.partselect.com/PS11739602-Whirlpool-WP2204605-Refrigerator-Temperature-Control-Thermostat.htm
PS11739604,Refrigerator Door Shelf Bin WP2204810,Whirlpool,Refrigerator,https://www.partselect.com/PS11739604-Whirlpool-WP2204810-Refrigerator-Door-Shelf-Bin.htm
PS11739606,Refrigerator Bin Door Shelf WP2204812,Whirlpool,Refrigerator,https://www.partselect.com/PS11739606-Whirlpool-WP2204812-Refrigerator-Bin-Door-Shelf.htm
PS11739622,Refrigerator Bracket Door Stop WP2206629B,Whirlpool,Refrigerator,https://www.partselect.com/PS11739622-Whirlpool-WP2206629B-Refrigerator-Bracket-Door-Stop.htm
PS11739623,Refrigerator Dispenser Overflow Grille WP2206670B,Whirlpool,Refrigerator,https://www.partselect.com/PS11739623-Whirlpool-WP2206670B-Refrigerator-Dispenser-Overflow-Grille.htm
PS11739624,Refrigerator Grille Bisque WP2206670T,Whirlpool,Refrigerator,https://www.partselect.com/PS11739624-Whirlpool-WP2206670T-Refrigerator-Grille-Bisque.htm
PS11739642,Refrigerator Dispenser Overflow Grille WP2207109B,Whirlpool,Refrigerator,https://www.partselect.com/PS11739642-Whirlpool-WP2207109B-Refrigerator-Dispenser-Overflow-Grille.htm
PS11739685,Refrigerator Crisper Glass Shelf WP2210047,Whirlpool,Refrigerator,https://www.partselect.com/PS11739685-Whirlpool-WP2210047-Refrigerator-Crisper-Glass-Shelf.htm
PS11739699,Refrigerator Mounting Bracket WP2212322,Whirlpool,Refrigerator,https://www.partselect.com/PS11739699-Whirlpool-WP2212322-Refrigerator-Mounting-Bracket.htm
PS11739700,Refrigerator Ice Auger Motor WP2212363,Whirlpool,Refrigerator,https://www.partselect.com/PS11739700-Whirlpool-WP2212363-Refrigerator-Ice-Auger-Motor.htm
PS11739704,Refrigerator Washer WP2212370,Whirlpool,Refrigerator,https://www.partselect.com/PS11739704-Whirlpool-WP2212370-Refrigerator-Washer.htm
PS11739707,Refrigerator Hinge Sleeve Hole Plug WP2212648,Whirlpool,"Refrigerator, Freezer",https://www.partselect.com/PS11739707-Whirlpool-WP2212648-Refrigerator-Hinge-Sleeve-Hole-Plug.htm
PS11739734,Refrigerator Air Diffuser WP2216112,Whirlpool,Refrigerator,https://www.partselect.com/PS11739734-Whirlpool-WP2216112-Refrigerator-Air-Diffuser.htm
PS11739749,Refrigerator Compartment Door WP2218113,Whirlpool,Refrigerator,https://www.partselect.com/PS11739749-Whirlpool-WP2218113-Refrigerator-Compartment-Door.htm
PS11739750,Refrigerator Compartment Door WP2218118,Whirlpool,Refrigerator,https://www.partselect.com/PS11739750-Whirlpool-WP2218118-Refrigerator-Compartment-Door.htm
PS11739754,Refrigerator Meat Pan WP2218127K,Whirlpool,Refrigerator,https://www.partselect.com/PS11739754-Whirlpool-WP2218127K-Refrigerator-Meat-Pan.htm
PS11739762,Refrigerator Ice Bin Coupling WP2220457,Whirlpool,Refrigerator,https://www.partselect.com/PS11739762-Whirlpool-WP2220457-Refrigerator-Ice-Bin-Coupling.htm
PS11739763,Refrigerator Coupling WP2220458,Whirlpool,Refrigerator,https://www.partselect.com/PS11739763-Whirlpool-WP2220458-Refrigerator-Coupling.htm
PS11739782,Refrigerator Crisper Drawer Cover Frame WP2222031,Whirlpool,Refrigerator,https://www.partselect.com/PS11739782-Whirlpool-WP2222031-Refrigerator-Crisper-Drawer-Cover-Frame.htm
PS11739792,Refrigerator Cantilever Shelf w/Glass WP2223288,Whirlpool,Refrigerator,https://www.partselect.com/PS11739792-Whirlpool-WP2223288-Refrigerator-Cantilever-Shelf-w-Glass.htm
PS11739794,Refrigerator Pan Slide Track WP2223320,Whirlpool,Refrigerator,https://www.partselect.com/PS11739794-Whirlpool-WP2223320-Refrigerator-Pan-Slide-Track.htm
PS11739796,Refrigerator Meat Pan Cover WP2223357,Whirlpool,Refrigerator,https://www.partselect.com/PS11739796-Whirlpool-WP2223357-Refrigerator-Meat-Pan-Cover.htm
PS11739799,Refrigerator Door Bin WP2223434K,Whirlpool,Refrigerator,https://www.partselect.com/PS11739799-Whirlpool-WP2223434K-Refrigerator-Door-Bin.htm
PS11739817,Refrigerator Water Filter Cover Clip WP2223877,Whirlpool,"Refrigerator, Ice Maker",https://www.partselect.com/PS11739817-Whirlpool-WP2223877-Refrigerator-Water-Filter-Cover-Clip.htm
PS11739829,Refrigerator Door Shelf Bin WP2224173,Whirlpool,Refrigerator,https://www.partselect.com/PS11739829-Whirlpool-WP2224173-Refrigerator-Door-Shelf-Bin.htm
PS11739847,Refrigerator Ice Dispenser Motor WP2252129,Whirlpool,Refrigerator,https://www.partselect.com/PS11739847-Whirlpool-WP2252129-Refrigerator-Ice-Dispenser-Motor.htm
PS11739848,Refrigerator Ice Auger Drive Motor WP2252130,Whirlpool,Refrigerator,https://www.partselect.com/PS11739848-Whirlpool-WP2252130-Refrigerator-Ice-Auger-Drive-Motor.htm
PS11739877,Refrigerator Bottom Door Hinge w/Pin WP2254473,Whirlpool,"Refrigerator, Freezer",https://www.partselect.com/PS11739877-Whirlpool-WP2254473-Refrigerator-Bottom-Door-Hinge-w-Pin.htm
PS11739881,Refrigerator Handle (White) WP2254533W,Whirlpool,Refrigerator,https://www.partselect.com/PS11739881-Whirlpool-WP2254533W-Refrigerator-Handle-White.htm
PS11739891,Refrigerator Center Door Hinge WP2254618,Whirlpool,"Refrigerator, Freezer",https://www.partselect.com/PS11739891-Whirlpool-WP2254618-Refrigerator-Center-Door-Hinge.htm
PS11739900,Refrigerator Lever Ice Dispenser (Black) WP2255431B,Whirlpool,Refrigerator,https://www.partselect.com/PS11739900-Whirlpool-WP2255431B-Refrigerator-Lever-Ice-Dispenser-Black.htm
PS11739901,Refrigerator Lever Ice Dispenser (White) WP2255431W,Whirlpool,Refrigerator,https://www.partselect.com/PS11739901-Whirlpool-WP2255431W-Refrigerator-Lever-Ice-Dispenser-White.htm
PS11739905,Refrigerator Lever Water Dispenser (White) WP2255432W,Whirlpool,Refrigerator,https://www.partselect.com/PS11739905-Whirlpool-WP2255432W-Refrigerator-Lever-Water-Dispenser-White.htm
PS11739923,Refrigerator Dairy Compartment Door WP2256101,Whirlpool,Refrigerator,https://www.partselect.com/PS11739923-Whirlpool-WP2256101-Refrigerator-Dairy-Compartment-Door.htm
PS11739924,Refrigerator Water Dispenser Reservoir Tubing WP2256126,Whirlpool,Refrigerator,https://www.partselect.com/PS11739924-Whirlpool-WP2256126-Refrigerator-Water-Dispenser-Reservoir-Tubing.htm
PS11739938,Refrigerator Cantilever Door Bin WP2257017,Whirlpool,Refrigerator,https://www.partselect.com/PS11739938-Whirlpool-WP2257017-Refrigerator-Cantilever-Door-Bin.htm
PS11739951,Refrigerator Startdevice Combination WP2258450,Whirlpool,Refrigerator,https://www.partselect.com/PS11739951-Whirlpool-WP2258450-Refrigerator-Startdevice-Combination.htm
PS11739968,Refrigerator Button Water Filter (Black) WP2260503B,Whirlpool,Refrigerator,https://www.partselect.com/PS11739968-Whirlpool-WP2260503B-Refrigerator-Button-Water-Filter-Black.htm
PS11739969,Refrigerator Filter Cap WP2260518AP,Whirlpool,Refrigerator,https://www.partselect.com/PS11739969-Whirlpool-WP2260518AP-Refrigerator-Filter-Cap.htm
PS11739971,Refrigerator Water Filter Cap WP2260518MG,Whirlpool,Refrigerator,https://www.partselect.com/PS11739971-Whirlpool-WP2260518MG-Refrigerator-Water-Filter-Cap.htm
PS11739972,Refrigerator Cap Water Filter (White) WP2260518W,Whirlpool,Refrigerator,https://www.partselect.com/PS11739972-Whirlpool-WP2260518W-Refrigerator-Cap-Water-Filter-White.htm
PS11739983,Refrigerator Start Relay Combination WP2262181,Whirlpool,"Refrigerator, Freezer",https://www.partselect.com/PS11739983-Whirlpool-WP2262181-Refrigerator-Start-Relay-Combination.htm
PS11739987,Refrigerator Shelf Glass Insert WP2262441,Whirlpool,Refrigerator,https://www.partselect.com/PS11739987-Whirlpool-WP2262441-Refrigerator-Shelf-Glass-Insert.htm
PS11739991,Refrigerator Defrost Heater WP2263749,Whirlpool,Refrigerator,https://www.partselect.com/PS11739991-Whirlpool-WP2263749-Refrigerator-Defrost-Heater.htm
PS11740000,Refrigerator Grommetmotor WP2264462,Whirlpool,"Refrigerator, Freezer",https://www.partselect.com/PS11740000-Whirlpool-WP2264462-Refrigerator-Grommetmotor.htm
PS11740011,Refrigerator Switch Power Disconnect WP2266802,Whirlpool,"Refrigerator, Freezer",https://www.partselect.com/PS11740011-Whirlpool-WP2266802-Refrigerator-Switch-Power-Disconnect.htm
PS11740187,Refrigerator Water Tube Connector/Union 5/16 To 5/16 WP2300868,Whirlpool,Refrigerator,https://www.partselect.com/PS11740187-Whirlpool-WP2300868-Refrigerator-Water-Tube-Connector-Union-5-16-To-5-16.htm
PS11740191,Refrigerator Air Damper WP2301101,Whirlpool,Refrigerator,https://www.partselect.com/PS11740191-Whirlpool-WP2301101-Refrigerator-Air-Damper.htm
PS11740238,Refrigerator Adaptive Defrost Control Board WP2304099,Whirlpool,Refrigerator,https://www.partselect.com/PS11740238-Whirlpool-WP2304099-Refrigerator-Adaptive-Defrost-Control-Board.htm
PS11740253,Refrigerator Bracket Dispenser WP2304673,Whirlpool,Refrigerator,https://www.partselect.com/PS11740253-Whirlpool-WP2304673-Refrigerator-Bracket-Dispenser.htm
PS11740346,Refrigerator Timer Defrost WP2314156,Whirlpool,Refrigerator,https://www.partselect.com/PS11740346-Whirlpool-WP2314156-Refrigerator-Timer-Defrost.htm
PS11740349,Refrigerator Crisper Frame Cover WP2314548,Whirlpool,Refrigerator,https://www.partselect.com/PS11740349-Whirlpool-WP2314548-Refrigerator-Crisper-Frame-Cover.htm
PS11740350,Refrigerator Crisper Cover Frame WP2314549,Whirlpool,Refrigerator,https://www.partselect.com/PS11740350-Whirlpool-WP2314549-Refrigerator-Crisper-Cover-Frame.htm
PS11740351,Refrigerator Bin Button Blue WP2315403,Whirlpool,Refrigerator,https://www.partselect.com/PS11740351-Whirlpool-WP2315403-Refrigerator-Bin-Button-Blue.htm
PS11740356,Refrigerator Retainer Thermostat WP2315522,Whirlpool,"Refrigerator, Ice Maker, Freezer",https://www.partselect.com/PS11740356-Whirlpool-WP2315522-Refrigerator-Retainer-Thermostat.htm
PS11740357,Refrigerator Defrost Heater WP2315530,Whirlpool,"Refrigerator, Freezer",https://www.partselect.com/PS11740357-Whirlpool-WP2315530-Refrigerator-Defrost-Heater.htm
PS11740364,Refrigerator Thermostat WP2315562,Whirlpool,Refrigerator,https://www.partselect.com/PS11740364-Whirlpool-WP2315562-Refrigerator-Thermostat.htm
PS11740365,Refrigerator Single Water Inlet Valve WP2315576,Whirlpool,"Refrigerator, Ice Maker",https://www.partselect.com/PS11740365-Whirlpool-WP2315576-Refrigerator-Single-Water-Inlet-Valve.htm
PS11740372,Refrigerator Handle WP2316868,Whirlpool,Refrigerator,https://www.partselect.com/PS11740372-Whirlpool-WP2316868-Refrigerator-Handle.htm
PS11740391,Refrigerator Door Trim (White) WP2318736,Whirlpool,Refrigerator,https://www.partselect.com/PS11740391-Whirlpool-WP2318736-Refrigerator-Door-Trim-White.htm
PS11740397,Refrigerator Door Gasket WP2319264T,Whirlpool,Refrigerator,https://www.partselect.com/PS11740397-Whirlpool-WP2319264T-Refrigerator-Door-Gasket.htm
PS11740406,Refrigerator Door Handle Assembly- Black WP2319727B,Whirlpool,Refrigerator,https://www.partselect.com/PS11740406-Whirlpool-WP2319727B-Refrigerator-Door-Handle-Assembly-Black.htm
PS11740459,Refrigerator Heater Defrost WP2323198,Whirlpool,Refrigerator,https://www.partselect.com/PS11740459-Whirlpool-WP2323198-Refrigerator-Heater-Defrost.htm
PS11740472,Refrigerator Bottom Door Hinge WP2325482,Whirlpool,Refrigerator,https://www.partselect.com/PS11740472-Whirlpool-WP2325482-Refrigerator-Bottom-Door-Hinge.htm
PS11740474,"Handle, Refrigerator (Bow) (Bl WP2326169B",Whirlpool,Refrigerator,https://www.partselect.com/PS11740474-Whirlpool-WP2326169B-Handle-Refrigerator-Bow-Bl.htm
PS11740540,Refrigerator Compression Nut WP245183,Whirlpool,"Refrigerator, Ice Maker, Air Conditioner, Cooktop",https://www.partselect.com/PS11740540-Whirlpool-WP245183-Refrigerator-Compression-Nut.htm
PS11740610,Dishwasher Collar WP285170,Whirlpool,"Dishwasher, Washer",https://www.partselect.com/PS11740610-Whirlpool-WP285170-Dishwasher-Collar.htm
PS11740622,Refrigerator Screw WP3-24004-109,Whirlpool,"Refrigerator, Freezer, Dishwasher, Microwave",https://www.partselect.com/PS11740622-Whirlpool-WP3-24004-109-Refrigerator-Screw.htm
PS11740623,Refrigerator Screw WP3-24838-048,Whirlpool,"Refrigerator, Freezer",https://www.partselect.com/PS11740623-Whirlpool-WP3-24838-048-Refrigerator-Screw.htm
PS11740636,Dishwasher Gapair WP300096,Whirlpool,"Dishwasher, Ice Maker",https://www.partselect.com/PS11740636-Whirlpool-WP300096-Dishwasher-Gapair.htm
PS11740637,Dishwasher Detergent Cup Seal WP300105,Whirlpool,"Dishwasher, Refrigerator",https://www.partselect.com/PS11740637-Whirlpool-WP300105-Dishwasher-Detergent-Cup-Seal.htm
PS11740642,Dishwasher Pump Outlet Seal WP302711,Whirlpool,Dishwasher,https://www.partselect.com/PS11740642-Whirlpool-WP302711-Dishwasher-Pump-Outlet-Seal.htm
PS11740644,Dishwasher Transport Wheel WP302819,Whirlpool,"Dishwasher, Ice Maker",https://www.partselect.com/PS11740644-Whirlpool-WP302819-Dishwasher-Transport-Wheel.htm
PS11740654,Dishwasher Upper Spray Arm WP304204,Whirlpool,"Dishwasher, Refrigerator",https://www.partselect.com/PS11740654-Whirlpool-WP304204-Dishwasher-Upper-Spray-Arm.htm
PS11740992,Refrigerator Screw WP3196557,Whirlpool,"Refrigerator, Range, Cooktop, Dryer",https://www.partselect.com/PS11740992-Whirlpool-WP3196557-Refrigerator-Screw.htm
PS11741250,Dishwasher Access Panel (Black) WP3367793,Whirlpool,"Dishwasher, Refrigerator",https://www.partselect.com/PS11741250-Whirlpool-WP3367793-Dishwasher-Access-Panel-Black.htm
PS11741256,Dishwasher Flexrow Retainer WP3368629,Whirlpool,Dishwasher,https://www.partselect.com/PS11741256-Whirlpool-WP3368629-Dishwasher-Flexrow-Retainer.htm
PS11741258,Dishwasher Fuse Thermal WP3368928,Whirlpool,Dishwasher,https://www.partselect.com/PS11741258-Whirlpool-WP3368928-Dishwasher-Fuse-Thermal.htm
PS11741266,Dishwasher Pump Housing Kit WP3369011,Whirlpool,Dishwasher,https://www.partselect.com/PS11741266-Whirlpool-WP3369011-Dishwasher-Pump-Housing-Kit.htm
PS11741267,Dishwasher Disk & Mount Assembly WP3369012,Whirlpool,Dishwasher,https://www.partselect.com/PS11741267-Whirlpool-WP3369012-Dishwasher-Disk-Mount-Assembly.htm
PS11741271,Dishwasher Seal Split Ring WP3369045,Whirlpool,Dishwasher,https://www.partselect.com/PS11741271-Whirlpool-WP3369045-Dishwasher-Seal-Split-Ring.htm
PS11741273,Dishwasher Separator Seal WP3369177,Whirlpool,Dishwasher,https://www.partselect.com/PS11741273-Whirlpool-WP3369177-Dishwasher-Separator-Seal.htm
PS11741275,Dishwasher Access Panel WP3369193,Whirlpool,Dishwasher,https://www.partselect.com/PS11741275-Whirlpool-WP3369193-Dishwasher-Access-Panel.htm
PS11741284,Dishwasher Detergent Cup Dispenser Actuator Assembly WP3369505,Whirlpool,Dishwasher,https://www.partselect.com/PS11741284-Whirlpool-WP3369505-Dishwasher-Detergent-Cup-Dispenser-Actuator-Assembly.htm
PS11741289,Dishwasher Door Panel Insert WP3369769,Whirlpool,Dishwasher,https://www.partselect.com/PS11741289-Whirlpool-WP3369769-Dishwasher-Door-Panel-Insert.htm
PS11741296,Dishwasher Roller WP3370639,Whirlpool,"Dishwasher, Washer, Refrigerator",https://www.partselect.com/PS11741296-Whirlpool-WP3370639-Dishwasher-Roller.htm
PS11741302,Dishwasher Door Vent Screen WP3371710,Whirlpool,Dishwasher,https://www.partselect.com/PS11741302-Whirlpool-WP3371710-Dishwasher-Door-Vent-Screen.htm
PS11741304,Dishwasher Support & Bearing Assembly (In WP3371745,Whirlpool,Dishwasher,https://www.partselect.com/PS11741304-Whirlpool-WP3371745-Dishwasher-Support-Bearing-Assembly-In.htm
PS11741308,Dishwasher Lid Hinge Pin WP3372028,Whirlpool,Dishwasher,https://www.partselect.com/PS11741308-Whirlpool-WP3372028-Dishwasher-Lid-Hinge-Pin.htm
PS11741311,Dishwasher Access Panel Retainer (Black) WP3372412,Whirlpool,Dishwasher,https://www.partselect.com/PS11741311-Whirlpool-WP3372412-Dishwasher-Access-Panel-Retainer-Black.htm
PS11741317,Dishwasher Bearing Spring (2) WP3373234,Whirlpool,Dishwasher,https://www.partselect.com/PS11741317-Whirlpool-WP3373234-Dishwasher-Bearing-Spring-2.htm
PS11741322,Dishwasher Drain Hose w/Connector Ends WP3374077,Whirlpool,Dishwasher,https://www.partselect.com/PS11741322-Whirlpool-WP3374077-Dishwasher-Drain-Hose-w-Connector-Ends.htm
PS11741325,Dishwasher Retainer Channel WP3374716,Whirlpool,Dishwasher,https://www.partselect.com/PS11741325-Whirlpool-WP3374716-Dishwasher-Retainer-Channel.htm
PS11741331,Dishwasher Floatassembly WP3376397,Whirlpool,Dishwasher,https://www.partselect.com/PS11741331-Whirlpool-WP3376397-Dishwasher-Floatassembly.htm
PS11741332,Dishwasher Seal O-Ring WP3376723,Whirlpool,Dishwasher,https://www.partselect.com/PS11741332-Whirlpool-WP3376723-Dishwasher-Seal-O-Ring.htm
PS11741336,Dishwasher Lower Dishrack Wheel WP3376961,Whirlpool,Dishwasher,https://www.partselect.com/PS11741336-Whirlpool-WP3376961-Dishwasher-Lower-Dishrack-Wheel.htm
PS11741337,Dishwasher Dishrack Clip WP3377464,Whirlpool,Dishwasher,https://www.partselect.com/PS11741337-Whirlpool-WP3377464-Dishwasher-Dishrack-Clip.htm
PS11741339,Dishwasher Timer Cam WP3378124,Whirlpool,Dishwasher,https://www.partselect.com/PS11741339-Whirlpool-WP3378124-Dishwasher-Timer-Cam.htm
PS11741342,Dishwasher Soap Dispenser Cover WP3378138,Whirlpool,Dishwasher,https://www.partselect.com/PS11741342-Whirlpool-WP3378138-Dishwasher-Soap-Dispenser-Cover.htm
PS11741343,Dishwasher Middle Wash Arm Tube WP3378144,Whirlpool,Dishwasher,https://www.partselect.com/PS11741343-Whirlpool-WP3378144-Dishwasher-Middle-Wash-Arm-Tube.htm
PS11741346,Dishwasher Middle Wash Arm Tube Holder WP3378186,Whirlpool,Dishwasher,https://www.partselect.com/PS11741346-Whirlpool-WP3378186-Dishwasher-Middle-Wash-Arm-Tube-Holder.htm
PS11741351,Dishwasher Upper Wash Assembly WP3379369,Whirlpool,Dishwasher,https://www.partselect.com/PS11741351-Whirlpool-WP3379369-Dishwasher-Upper-Wash-Assembly.htm
PS11741357,Dishwasher Seal Door Vent WP3379673,Whirlpool,Dishwasher,https://www.partselect.com/PS11741357-Whirlpool-WP3379673-Dishwasher-Seal-Door-Vent.htm
PS11741358,Dishwasher Vent Assembly WP3379674,Whirlpool,Dishwasher,https://www.partselect.com/PS11741358-Whirlpool-WP3379674-Dishwasher-Vent-Assembly.htm
PS11741360,Dishwasher Toe Panel w/Insulation WP3379921,Whirlpool,Dishwasher,https://www.partselect.com/PS11741360-Whirlpool-WP3379921-Dishwasher-Toe-Panel-w-Insulation.htm
PS11741361,Dishwasher Dishrack Track Stop Clip WP3379941,Whirlpool,Dishwasher,https://www.partselect.com/PS11741361-Whirlpool-WP3379941-Dishwasher-Dishrack-Track-Stop-Clip.htm
PS11741367,Dishwasher Door Latch Bolt WP3380854,Whirlpool,Dishwasher,https://www.partselect.com/PS11741367-Whirlpool-WP3380854-Dishwasher-Door-Latch-Bolt.htm
PS11741377,Dishwasher Upper Dishrack Track WP3385089,Whirlpool,Dishwasher,https://www.partselect.com/PS11741377-Whirlpool-WP3385089-Dishwasher-Upper-Dishrack-Track.htm
PS11741381,Dishwasher Spray Arm Mounting Bracket WP3385159,Whirlpool,Dishwasher,https://www.partselect.com/PS11741381-Whirlpool-WP3385159-Dishwasher-Spray-Arm-Mounting-Bracket.htm
PS11741382,Dishwasher Spray Arm Feed Tube Holder WP3385160,Whirlpool,Dishwasher,https://www.partselect.com/PS11741382-Whirlpool-WP3385160-Dishwasher-Spray-Arm-Feed-Tube-Holder.htm
PS11741384,Dishwasher Motor Shaft Seal Head WP3385557,Whirlpool,Dishwasher,https://www.partselect.com/PS11741384-Whirlpool-WP3385557-Dishwasher-Motor-Shaft-Seal-Head.htm
PS11741387,Dishwasher Control Panel WP3385734,Whirlpool,,https://www.partselect.com/PS11741387-Whirlpool-WP3385734-Dishwasher-Control-Panel.htm
PS11741390,Dishwasher Control Panel w/Touchpad WP3385741,Whirlpool,Dishwasher,https://www.partselect.com/PS11741390-Whirlpool-WP3385741-Dishwasher-Control-Panel-w-Touchpad.htm
PS11741512,Refrigerator Installation Screw WP3400012,Whirlpool,Refrigerator,https://www.partselect.com/PS11741512-Whirlpool-WP3400012-Refrigerator-Installation-Screw.htm
PS11741521,Refrigerator Screw WP3400065,Whirlpool,Refrigerator,https://www.partselect.com/PS11741521-Whirlpool-WP3400065-Refrigerator-Screw.htm
PS11741522,Dishwasher Installation Screw WP3400067,Whirlpool,"Dishwasher, Wall Oven, Range",https://www.partselect.com/PS11741522-Whirlpool-WP3400067-Dishwasher-Installation-Screw.htm
PS11741524,Dishwasher Screw WP3400074,Whirlpool,"Dishwasher, Dryer, Range, Wall Oven",https://www.partselect.com/PS11741524-Whirlpool-WP3400074-Dishwasher-Screw.htm
PS11741602,Refrigerator Screw WP3400806,Whirlpool,"Refrigerator, Cooktop, Laundry Accessories, Washer",https://www.partselect.com/PS11741602-Whirlpool-WP3400806-Refrigerator-Screw.htm
PS11741606,Dishwasher Screw (White) WP3400836,Whirlpool,Dishwasher,https://www.partselect.com/PS11741606-Whirlpool-WP3400836-Dishwasher-Screw-White.htm
PS11741618,Refrigerator Screw WP3400906,Whirlpool,Refrigerator,https://www.partselect.com/PS11741618-Whirlpool-WP3400906-Refrigerator-Screw.htm
PS11741622,Dishwasher Push-In Retainer Clip WP3400918,Whirlpool,Dishwasher,https://www.partselect.com/PS11741622-Whirlpool-WP3400918-Dishwasher-Push-In-Retainer-Clip.htm
PS11741623,Dishwasher Screw Cover (White) WP3400919,Whirlpool,Dishwasher,https://www.partselect.com/PS11741623-Whirlpool-WP3400919-Dishwasher-Screw-Cover-White.htm
PS11741624,Dishwasher Push In Screw Cover WP3400920,Whirlpool,Dishwasher,https://www.partselect.com/PS11741624-Whirlpool-WP3400920-Dishwasher-Push-In-Screw-Cover.htm
PS11741751,Refrigerator Screw WP3428970,Whirlpool,"Refrigerator, Washer",https://www.partselect.com/PS11741751-Whirlpool-WP3428970-Refrigerator-Screw.htm
PS11741860,Refrigerator Rivet WP356907,Whirlpool,"Refrigerator, Washer, Freezer",https://www.partselect.com/PS11741860-Whirlpool-WP356907-Refrigerator-Rivet.htm
PS11742227,Refrigerator Door Gasket (Black) WP4-81048-007,Whirlpool,"Refrigerator, Freezer",https://www.partselect.com/PS11742227-Whirlpool-WP4-81048-007-Refrigerator-Door-Gasket-Black.htm
PS11742240,Refrigerator Screw WP400021-1,Whirlpool,"Refrigerator, Range, Cooktop, Dryer",https://www.partselect.com/PS11742240-Whirlpool-WP400021-1-Refrigerator-Screw.htm
PS11742304,Dishwasher Single Lower Roller Axle WP4162321,Whirlpool,Dishwasher,https://www.partselect.com/PS11742304-Whirlpool-WP4162321-Dishwasher-Single-Lower-Roller-Axle.htm
PS11742305,Dishwasher Single Roller Wheel WP4162322,Whirlpool,Dishwasher,https://www.partselect.com/PS11742305-Whirlpool-WP4162322-Dishwasher-Single-Roller-Wheel.htm
PS11742311,Dishwasher Door Spring WP4162629,Whirlpool,Dishwasher,https://www.partselect.com/PS11742311-Whirlpool-WP4162629-Dishwasher-Door-Spring.htm
PS11742317,Dishwasher Water Inlet Valve WP4171000,Whirlpool,Dishwasher,https://www.partselect.com/PS11742317-Whirlpool-WP4171000-Dishwasher-Water-Inlet-Valve.htm
PS11742320,Dishwasher Door Spring WP4171383,Whirlpool,Dishwasher,https://www.partselect.com/PS11742320-Whirlpool-WP4171383-Dishwasher-Door-Spring.htm
PS11742365,Refrigerator Temperature Control Kit WP4317800,Whirlpool,Refrigerator,https://www.partselect.com/PS11742365-Whirlpool-WP4317800-Refrigerator-Temperature-Control-Kit.htm
PS11742383,Refrigerator Overload WP4344040,Whirlpool,"Refrigerator, Freezer",https://www.partselect.com/PS11742383-Whirlpool-WP4344040-Refrigerator-Overload.htm
PS11742470,Refrigerator Clipon Bimetal Defrost Thermostat w/Leads WP4387490,Whirlpool,Refrigerator,https://www.partselect.com/PS11742470-Whirlpool-WP4387490-Refrigerator-Clipon-Bimetal-Defrost-Thermostat-w-Leads.htm
PS11742471,Refrigerator Bimetal Defrost Thermostat WP4387499,Whirlpool,"Refrigerator, Freezer",https://www.partselect.com/PS11742471-Whirlpool-WP4387499-Refrigerator-Bimetal-Defrost-Thermostat.htm
PS11742474,Refrigerator Bimetal Defrost Thermostat WP4387503,Whirlpool,"Refrigerator, Freezer",https://www.partselect.com/PS11742474-Whirlpool-WP4387503-Refrigerator-Bimetal-Defrost-Thermostat.htm
PS11742475,Refrigerator Grommet (Service) WP4387558,Whirlpool,"Refrigerator, Ice Maker, Freezer",https://www.partselect.com/PS11742475-Whirlpool-WP4387558-Refrigerator-Grommet-Service.htm
PS11742476,Refrigerator Capacitor WP4387764,Whirlpool,Refrigerator,https://www.partselect.com/PS11742476-Whirlpool-WP4387764-Refrigerator-Capacitor.htm
PS11742477,Refrigerator Overload And Relay Assembly WP4387835,Whirlpool,Refrigerator,https://www.partselect.com/PS11742477-Whirlpool-WP4387835-Refrigerator-Overload-And-Relay-Assembly.htm
PS11742478,Refrigerator Light Switch WP4387911,Whirlpool,"Refrigerator, Trash Compactor",https://www.partselect.com/PS11742478-Whirlpool-WP4387911-Refrigerator-Light-Switch.htm
PS11742479,Refrigerator Compressor Overload and Start Relay WP4387938,Whirlpool,"Refrigerator, Ice Maker",https://www.partselect.com/PS11742479-Whirlpool-WP4387938-Refrigerator-Compressor-Overload-and-Start-Relay.htm
PS11742481,Refrigerator Nozzle And Tube Kit WP4388152,Whirlpool,Refrigerator,https://www.partselect.com/PS11742481-Whirlpool-WP4388152-Refrigerator-Nozzle-And-Tube-Kit.htm
PS11742506,Refrigerator 6hour Defrost Timer WP4391974,Whirlpool,"Refrigerator, Freezer",https://www.partselect.com/PS11742506-Whirlpool-WP4391974-Refrigerator-6hour-Defrost-Timer.htm
PS11742705,Refrigerator Door Hinge Nylon Washer WP487576,Whirlpool,"Refrigerator, Freezer, Washer",https://www.partselect.com/PS11742705-Whirlpool-WP487576-Refrigerator-Door-Hinge-Nylon-Washer.htm
PS11742707,Refrigerator Hinge Washer WP487802,Whirlpool,"Refrigerator, Freezer",https://www.partselect.com/PS11742707-Whirlpool-WP487802-Refrigerator-Hinge-Washer.htm
PS11742713,Refrigerator Screw WP488234,Whirlpool,"Refrigerator, Dryer, Dishwasher, Microwave",https://www.partselect.com/PS11742713-Whirlpool-WP488234-Refrigerator-Screw.htm
PS11742714,Refrigerator Hinge Washer WP488296,Whirlpool,Refrigerator,https://www.partselect.com/PS11742714-Whirlpool-WP488296-Refrigerator-Hinge-Washer.htm
PS11742726,Refrigerator Water Hose Clamp WP488878,Whirlpool,"Refrigerator, Ice Maker, Freezer, Wine and Beverage Cooler",https://www.partselect.com/PS11742726-Whirlpool-WP488878-Refrigerator-Water-Hose-Clamp.htm
PS11742729,Refrigerator Sheet Metal Screw WP488920,Whirlpool,"Refrigerator, Washer Dryer Combo",https://www.partselect.com/PS11742729-Whirlpool-WP488920-Refrigerator-Sheet-Metal-Screw.htm
PS11742730,Refrigerator Screw WP488921,Whirlpool,"Refrigerator, Freezer, Dishwasher",https://www.partselect.com/PS11742730-Whirlpool-WP488921-Refrigerator-Screw.htm
PS11742731,Refrigerator Single Hex Head Screw WP489069,Whirlpool,"Refrigerator, Dishwasher, Dryer, Air Conditioner",https://www.partselect.com/PS11742731-Whirlpool-WP489069-Refrigerator-Single-Hex-Head-Screw.htm
PS11742733,Refrigerator Screw WP489128,Whirlpool,"Refrigerator, Washer, Dryer, Dishwasher",https://www.partselect.com/PS11742733-Whirlpool-WP489128-Refrigerator-Screw.htm
PS11742738,Refrigerator Washer Plain WP489235,Whirlpool,Refrigerator,https://www.partselect.com/PS11742738-Whirlpool-WP489235-Refrigerator-Washer-Plain.htm
PS11742739,Refrigerator Retainer Ring WP489236,Whirlpool,Refrigerator,https://www.partselect.com/PS11742739-Whirlpool-WP489236-Refrigerator-Retainer-Ring.htm
PS11742742,Refrigerator Screw WP489349,Whirlpool,"Refrigerator, Microwave, Air Conditioner, Furnace",https://www.partselect.com/PS11742742-Whirlpool-WP489349-Refrigerator-Screw.htm
PS11742744,Refrigerator Screw WP489357,Whirlpool,Refrigerator,https://www.partselect.com/PS11742744-Whirlpool-WP489357-Refrigerator-Screw.htm
PS11742745,Refrigerator Screw WP489399,Whirlpool,"Refrigerator, Air Conditioner, Dryer, Freezer",https://www.partselect.com/PS11742745-Whirlpool-WP489399-Refrigerator-Screw.htm
PS11742748,Refrigerator Screw WP489442,Whirlpool,"Refrigerator, Ice Maker, Washer, Washer Dryer Combo",https://www.partselect.com/PS11742748-Whirlpool-WP489442-Refrigerator-Screw.htm
PS11742751,Refrigerator Screw WP489464,Whirlpool,"Refrigerator, Air Conditioner, Freezer, Dryer",https://www.partselect.com/PS11742751-Whirlpool-WP489464-Refrigerator-Screw.htm
PS11742752,Refrigerator Insert WP489467,Whirlpool,"Refrigerator, Freezer",https://www.partselect.com/PS11742752-Whirlpool-WP489467-Refrigerator-Insert.htm
PS11742754,Refrigerator Screw WP489478,Whirlpool,"Refrigerator, Dryer, Freezer, Trash Compactor",https://www.partselect.com/PS11742754-Whirlpool-WP489478-Refrigerator-Screw.htm
PS11742757,Refrigerator Cabinet Mount Screw WP489491,Whirlpool,"Refrigerator, Range, Dishwasher, Freezer",https://www.partselect.com/PS11742757-Whirlpool-WP489491-Refrigerator-Cabinet-Mount-Screw.htm
PS11742758,Refrigerator Screw WP489497,Whirlpool,"Refrigerator, Freezer, Microwave",https://www.partselect.com/PS11742758-Whirlpool-WP489497-Refrigerator-Screw.htm
PS11742836,Refrigerator Grease WP542638,Whirlpool,"Refrigerator, Freezer, Ice Maker",https://www.partselect.com/PS11742836-Whirlpool-WP542638-Refrigerator-Grease.htm
PS11742839,Refrigerator 40w Light Bulb WP548049,Whirlpool,Refrigerator,https://www.partselect.com/PS11742839-Whirlpool-WP548049-Refrigerator-40w-Light-Bulb.htm
PS11743042,Dishwasher Screw w/Washer WP6-912366,Whirlpool,Dishwasher,https://www.partselect.com/PS11743042-Whirlpool-WP6-912366-Dishwasher-Screw-w-Washer.htm
PS11743058,Dishwasher Lower Spray Arm Shield Included WP6-917642,Whirlpool,Dishwasher,https://www.partselect.com/PS11743058-Whirlpool-WP6-917642-Dishwasher-Lower-Spray-Arm-Shield-Included.htm
PS11743069,Dishwasher Silverware Basket WP6-918873,Whirlpool,Dishwasher,https://www.partselect.com/PS11743069-Whirlpool-WP6-918873-Dishwasher-Silverware-Basket.htm
PS11743077,Dishwasher Heating Element Nut WP6-920168,Whirlpool,Dishwasher,https://www.partselect.com/PS11743077-Whirlpool-WP6-920168-Dishwasher-Heating-Element-Nut.htm
PS11743111,Refrigerator Defrost Heater Kit WP61001874,Whirlpool,Refrigerator,https://www.partselect.com/PS11743111-Whirlpool-WP61001874-Refrigerator-Defrost-Heater-Kit.htm
PS11743208,Refrigerator Bracket Grommet WP61004743,Whirlpool,"Refrigerator, Freezer",https://www.partselect.com/PS11743208-Whirlpool-WP61004743-Refrigerator-Bracket-Grommet.htm
PS11743240,Refrigerator Water Inlet Valve - 115V WP61005627,Whirlpool,Refrigerator,https://www.partselect.com/PS11743240-Whirlpool-WP61005627-Refrigerator-Water-Inlet-Valve-115V.htm
PS11743284,Refrigerator Overload WP61006294,Whirlpool,"Refrigerator, Freezer",https://www.partselect.com/PS11743284-Whirlpool-WP61006294-Refrigerator-Overload.htm
PS11743305,Refrigerator Compression Nut WP627018,Whirlpool,"Refrigerator, Ice Maker, Freezer",https://www.partselect.com/PS11743305-Whirlpool-WP627018-Refrigerator-Compression-Nut.htm
PS11743310,Refrigerator Shut Off Arm WP627792,Whirlpool,"Refrigerator, Ice Maker",https://www.partselect.com/PS11743310-Whirlpool-WP627792-Refrigerator-Shut-Off-Arm.htm
PS11743312,Refrigerator Ejector Arm WP627843,Whirlpool,"Refrigerator, Ice Maker, Freezer",https://www.partselect.com/PS11743312-Whirlpool-WP627843-Refrigerator-Ejector-Arm.htm
PS11743318,Refrigerator Water Fill Cup & Bearing WP628356,Whirlpool,"Refrigerator, Ice Maker, Freezer",https://www.partselect.com/PS11743318-Whirlpool-WP628356-Refrigerator-Water-Fill-Cup-Bearing.htm
PS11743333,Refrigerator Ice Dispenser Engagement Yoke WP63052-2,Whirlpool,"Refrigerator, Freezer, Ice Maker",https://www.partselect.com/PS11743333-Whirlpool-WP63052-2-Refrigerator-Ice-Dispenser-Engagement-Yoke.htm
PS11743364,Refrigerator Run Capacitor WP65889-4,Whirlpool,Refrigerator,https://www.partselect.com/PS11743364-Whirlpool-WP65889-4-Refrigerator-Run-Capacitor.htm
PS11743423,Dishwasher High Limit Thermostat WP661566,Whirlpool,"Dishwasher, Miscellaneous",https://www.partselect.com/PS11743423-Whirlpool-WP661566-Dishwasher-High-Limit-Thermostat.htm
PS11743438,Refrigerator Medium Door Bin WP67001021,Whirlpool,Refrigerator,https://www.partselect.com/PS11743438-Whirlpool-WP67001021-Refrigerator-Medium-Door-Bin.htm
PS11743439,Refrigerator Defrost Timer 120v 60hz WP67001036,Whirlpool,Refrigerator,https://www.partselect.com/PS11743439-Whirlpool-WP67001036-Refrigerator-Defrost-Timer-120v-60hz.htm
PS11743441,Refrigerator Deli Drawer Glide WP67001053,Whirlpool,Refrigerator,https://www.partselect.com/PS11743441-Whirlpool-WP67001053-Refrigerator-Deli-Drawer-Glide.htm
PS11743445,Refrigerator Button Plug WP67001130,Whirlpool,"Refrigerator, Freezer, Microwave",https://www.partselect.com/PS11743445-Whirlpool-WP67001130-Refrigerator-Button-Plug.htm
PS11743449,Refrigerator Dairy Tray WP67001279,Whirlpool,"Refrigerator, Freezer",https://www.partselect.com/PS11743449-Whirlpool-WP67001279-Refrigerator-Dairy-Tray.htm
PS11743466,Refrigerator Water Filter Backing Plate WP67001668,Whirlpool,Refrigerator,https://www.partselect.com/PS11743466-Whirlpool-WP67001668-Refrigerator-Water-Filter-Backing-Plate.htm
PS11743469,Refrigerator Deli Track WP67001719,Whirlpool,Refrigerator,https://www.partselect.com/PS11743469-Whirlpool-WP67001719-Refrigerator-Deli-Track.htm
PS11743470,Refrigerator Crisper Support Left Side WP67001721,Whirlpool,Refrigerator,https://www.partselect.com/PS11743470-Whirlpool-WP67001721-Refrigerator-Crisper-Support-Left-Side.htm
PS11743471,Refrigerator Crisper Support WP67001722,Whirlpool,Refrigerator,https://www.partselect.com/PS11743471-Whirlpool-WP67001722-Refrigerator-Crisper-Support.htm
PS11743472,Refrigerator Defrost Heater WP67001794,Whirlpool,Refrigerator,https://www.partselect.com/PS11743472-Whirlpool-WP67001794-Refrigerator-Defrost-Heater.htm
PS11743479,Refrigerator Defrost Heater WP67002135,Whirlpool,Refrigerator,https://www.partselect.com/PS11743479-Whirlpool-WP67002135-Refrigerator-Defrost-Heater.htm
PS11743487,Refrigerator Kickplate Grille WP67002224,Whirlpool,Refrigerator,https://www.partselect.com/PS11743487-Whirlpool-WP67002224-Refrigerator-Kickplate-Grille.htm
PS11743492,Refrigerator Pantry Divider WP67002321,Whirlpool,Refrigerator,https://www.partselect.com/PS11743492-Whirlpool-WP67002321-Refrigerator-Pantry-Divider.htm
PS11743493,Refrigerator Pantry Shelf Glass WP67002332,Whirlpool,Refrigerator,https://www.partselect.com/PS11743493-Whirlpool-WP67002332-Refrigerator-Pantry-Shelf-Glass.htm
PS11743496,Refrigerator Defrost Heater WP67002493,Whirlpool,Refrigerator,https://www.partselect.com/PS11743496-Whirlpool-WP67002493-Refrigerator-Defrost-Heater.htm
PS11743501,Refrigerator Crisper Pan WP67002633,Whirlpool,Refrigerator,https://www.partselect.com/PS11743501-Whirlpool-WP67002633-Refrigerator-Crisper-Pan.htm
PS11743506,Refrigerator Door Hinge Bushing WP67002731,Whirlpool,Refrigerator,https://www.partselect.com/PS11743506-Whirlpool-WP67002731-Refrigerator-Door-Hinge-Bushing.htm
PS11743531,Refrigerator Pivot Block WP67003405,Whirlpool,Refrigerator,https://www.partselect.com/PS11743531-Whirlpool-WP67003405-Refrigerator-Pivot-Block.htm
PS11743535,Refrigerator Defrost Thermostat WP67003426,Whirlpool,Refrigerator,https://www.partselect.com/PS11743535-Whirlpool-WP67003426-Refrigerator-Defrost-Thermostat.htm
PS11743537,Refrigerator Pantry Drawer WP67003531,Whirlpool,Refrigerator,https://www.partselect.com/PS11743537-Whirlpool-WP67003531-Refrigerator-Pantry-Drawer.htm
PS11743546,Refrigerator Dairy Door WP67003637,Whirlpool,Refrigerator,https://www.partselect.com/PS11743546-Whirlpool-WP67003637-Refrigerator-Dairy-Door.htm
PS11743547,Refrigerator Door Closer (White) WP67003638,Whirlpool,Refrigerator,https://www.partselect.com/PS11743547-Whirlpool-WP67003638-Refrigerator-Door-Closer-White.htm
PS11743548,Refrigerator Door Closure WP67003639,Whirlpool,Refrigerator,https://www.partselect.com/PS11743548-Whirlpool-WP67003639-Refrigerator-Door-Closure.htm
PS11743551,Refrigerator Water Inlet Valve WP67003753,Whirlpool,Refrigerator,https://www.partselect.com/PS11743551-Whirlpool-WP67003753-Refrigerator-Water-Inlet-Valve.htm
PS11743561,Refrigerator Crisper Frame WP67003854,Whirlpool,Refrigerator,https://www.partselect.com/PS11743561-Whirlpool-WP67003854-Refrigerator-Crisper-Frame.htm
PS11743574,Refrigerator Water Filter Head WP67004106,Whirlpool,Refrigerator,https://www.partselect.com/PS11743574-Whirlpool-WP67004106-Refrigerator-Water-Filter-Head.htm
PS11743590,Refrigerator Crisper Pan WP67004515,Whirlpool,Refrigerator,https://www.partselect.com/PS11743590-Whirlpool-WP67004515-Refrigerator-Crisper-Pan.htm
PS11743607,Refrigerator Door Bushing (White) WP67004977,Whirlpool,Refrigerator,https://www.partselect.com/PS11743607-Whirlpool-WP67004977-Refrigerator-Door-Bushing-White.htm
PS11743618,Refrigerator Dual Water Valve WP67005154,Whirlpool,Refrigerator,https://www.partselect.com/PS11743618-Whirlpool-WP67005154-Refrigerator-Dual-Water-Valve.htm
PS11743622,Refrigerator Door Handle Assembly WP67005380,Whirlpool,Refrigerator,https://www.partselect.com/PS11743622-Whirlpool-WP67005380-Refrigerator-Door-Handle-Assembly.htm
PS11743630,Refrigerator Door Shelf CADDY- CAN WP67005626,Whirlpool,Refrigerator,https://www.partselect.com/PS11743630-Whirlpool-WP67005626-Refrigerator-Door-Shelf-CADDY-CAN.htm
PS11743637,Refrigerator Crisper Drawer WP67005816,Whirlpool,Refrigerator,https://www.partselect.com/PS11743637-Whirlpool-WP67005816-Refrigerator-Crisper-Drawer.htm
PS11743638,Refrigerator Humidity Control Slide WP67005864,Whirlpool,Refrigerator,https://www.partselect.com/PS11743638-Whirlpool-WP67005864-Refrigerator-Humidity-Control-Slide.htm
PS11743647,Refrigerator Crisper Pan Front WP67005923,Whirlpool,Refrigerator,https://www.partselect.com/PS11743647-Whirlpool-WP67005923-Refrigerator-Crisper-Pan-Front.htm
PS11743650,Refrigerator Pantry Drawer Lid WP67005930,Whirlpool,Refrigerator,https://www.partselect.com/PS11743650-Whirlpool-WP67005930-Refrigerator-Pantry-Drawer-Lid.htm
PS11743658,Refrigerator Handle Mount WP67006113,Whirlpool,Refrigerator,https://www.partselect.com/PS11743658-Whirlpool-WP67006113-Refrigerator-Handle-Mount.htm
PS11743665,Refrigerator Crisper Frame WP67006185,Whirlpool,Refrigerator,https://www.partselect.com/PS11743665-Whirlpool-WP67006185-Refrigerator-Crisper-Frame.htm
PS11743678,Refrigerator Chiller Door (Clear) WP67006312,Whirlpool,Refrigerator,https://www.partselect.com/PS11743678-Whirlpool-WP67006312-Refrigerator-Chiller-Door-Clear.htm
PS11743679,Refrigerator Door Chiller Bin WP67006313,Whirlpool,Refrigerator,https://www.partselect.com/PS11743679-Whirlpool-WP67006313-Refrigerator-Door-Chiller-Bin.htm
PS11743688,Refrigerator Door Hinge Screw WP67006380,Whirlpool,"Refrigerator, Washer, Air Conditioner",https://www.partselect.com/PS11743688-Whirlpool-WP67006380-Refrigerator-Door-Hinge-Screw.htm
PS11743696,Refrigerator Water Filter Head w/Tubing WP67006524,Whirlpool,Refrigerator,https://www.partselect.com/PS11743696-Whirlpool-WP67006524-Refrigerator-Water-Filter-Head-w-Tubing.htm
PS11743697,Refrigerator Dual Water Inlet Valve WP67006531,Whirlpool,Refrigerator,https://www.partselect.com/PS11743697-Whirlpool-WP67006531-Refrigerator-Dual-Water-Inlet-Valve.htm
PS11743701,Refrigerator Center Hinge Pin WP67006642,Whirlpool,Refrigerator,https://www.partselect.com/PS11743701-Whirlpool-WP67006642-Refrigerator-Center-Hinge-Pin.htm
PS11743707,Refrigerator Screw WP67006715,Whirlpool,"Refrigerator, Freezer, Grill",https://www.partselect.com/PS11743707-Whirlpool-WP67006715-Refrigerator-Screw.htm
PS11743710,Refrigerator Center Hinge Pin WP67006744,Whirlpool,Refrigerator,https://www.partselect.com/PS11743710-Whirlpool-WP67006744-Refrigerator-Center-Hinge-Pin.htm
PS11743717,Refrigerator Glass Shelf WP67006877,Whirlpool,Refrigerator,https://www.partselect.com/PS11743717-Whirlpool-WP67006877-Refrigerator-Glass-Shelf.htm
PS11743718,Refrigerator Crisper Glass WP67006878,Whirlpool,Refrigerator,https://www.partselect.com/PS11743718-Whirlpool-WP67006878-Refrigerator-Crisper-Glass.htm
PS11743731,Refrigerator Drawer Roller Wheel WP67423-2,Whirlpool,Refrigerator,https://www.partselect.com/PS11743731-Whirlpool-WP67423-2-Refrigerator-Drawer-Roller-Wheel.htm
PS11743932,Dishwasher Door Spring Retainer w/Protective Tip WP716401,Whirlpool,Dishwasher,https://www.partselect.com/PS11743932-Whirlpool-WP716401-Dishwasher-Door-Spring-Retainer-w-Protective-Tip.htm
PS11743936,Dishwasher Lower Wash Arm Bearing WP719576,Whirlpool,Dishwasher,https://www.partselect.com/PS11743936-Whirlpool-WP719576-Dishwasher-Lower-Wash-Arm-Bearing.htm
PS11743937,Dishwasher Ball Check WP719929,Whirlpool,Dishwasher,https://www.partselect.com/PS11743937-Whirlpool-WP719929-Dishwasher-Ball-Check.htm
PS11743941,Refrigerator Touch Up Paint WP72107,Whirlpool,"Refrigerator, Washer, Range, Dishwasher",https://www.partselect.com/PS11743941-Whirlpool-WP72107-Refrigerator-Touch-Up-Paint.htm
PS11744851,Dishwasher Access Panel WP8054184,Whirlpool,Dishwasher,https://www.partselect.com/PS11744851-Whirlpool-WP8054184-Dishwasher-Access-Panel.htm
PS11744874,Dishwasher Detergent Lid Spring WP8066018,Whirlpool,Dishwasher,https://www.partselect.com/PS11744874-Whirlpool-WP8066018-Dishwasher-Detergent-Lid-Spring.htm
PS11745193,Dishwasher Pump Rotor Assembly WP8194092,Whirlpool,Dishwasher,https://www.partselect.com/PS11745193-Whirlpool-WP8194092-Dishwasher-Pump-Rotor-Assembly.htm
PS11745205,Refrigerator Cold Control Thermostat WP819470,Whirlpool,Refrigerator,https://www.partselect.com/PS11745205-Whirlpool-WP819470-Refrigerator-Cold-Control-Thermostat.htm
PS11745430,Dishwasher Lower Spray Arm Support WP8268316,Whirlpool,Dishwasher,https://www.partselect.com/PS11745430-Whirlpool-WP8268316-Dishwasher-Lower-Spray-Arm-Support.htm
PS11745432,Dishwasher Upper Wash Arm Mount WP8268321,Whirlpool,Dishwasher,https://www.partselect.com/PS11745432-Whirlpool-WP8268321-Dishwasher-Upper-Wash-Arm-Mount.htm
PS11745434,Dishwasher Water Supply Tube WP8268326,Whirlpool,Dishwasher,https://www.partselect.com/PS11745434-Whirlpool-WP8268326-Dishwasher-Water-Supply-Tube.htm
PS11745436,Dishwasher Spray Arm Seal WP8268340,Whirlpool,Dishwasher,https://www.partselect.com/PS11745436-Whirlpool-WP8268340-Dishwasher-Spray-Arm-Seal.htm
PS11745437,Dishwasher Lower Spray Arm Support/Hub WP8268342,Whirlpool,Dishwasher,https://www.partselect.com/PS11745437-Whirlpool-WP8268342-Dishwasher-Lower-Spray-Arm-Support-Hub.htm
PS11745438,Dishwasher Rear Feed Cap WP8268343,Whirlpool,Dishwasher,https://www.partselect.com/PS11745438-Whirlpool-WP8268343-Dishwasher-Rear-Feed-Cap.htm
PS11745439,Dishwasher Spray Arm Tube Hanger WP8268349,Whirlpool,Dishwasher,https://www.partselect.com/PS11745439-Whirlpool-WP8268349-Dishwasher-Spray-Arm-Tube-Hanger.htm
PS11745441,Dishwasher Sump Pump Check Valve WP8268375,Whirlpool,Dishwasher,https://www.partselect.com/PS11745441-Whirlpool-WP8268375-Dishwasher-Sump-Pump-Check-Valve.htm
PS11745444,Dishwasher Spray Arm Seal WP8268433,Whirlpool,Dishwasher,https://www.partselect.com/PS11745444-Whirlpool-WP8268433-Dishwasher-Spray-Arm-Seal.htm
PS11745445,Dishwasher Tine/Flexrow Retainer WP8268522,Whirlpool,Dishwasher,https://www.partselect.com/PS11745445-Whirlpool-WP8268522-Dishwasher-Tine-Flexrow-Retainer.htm
PS11745446,Dishwasher Tine Pivot WP8268523,Whirlpool,Dishwasher,https://www.partselect.com/PS11745446-Whirlpool-WP8268523-Dishwasher-Tine-Pivot.htm
PS11745447,Dishwasher Door Release Spring WP8268540,Whirlpool,Dishwasher,https://www.partselect.com/PS11745447-Whirlpool-WP8268540-Dishwasher-Door-Release-Spring.htm
PS11745451,Dishwasher Upper Rack Wheel w/Mount WP8268655,Whirlpool,Dishwasher,https://www.partselect.com/PS11745451-Whirlpool-WP8268655-Dishwasher-Upper-Rack-Wheel-w-Mount.htm
PS11745454,Dishwasher Adjuster Actuator Left Side WP8268701,Whirlpool,Dishwasher,https://www.partselect.com/PS11745454-Whirlpool-WP8268701-Dishwasher-Adjuster-Actuator-Left-Side.htm
PS11745455,Dishwasher Axle Adjuster WP8268703,Whirlpool,Dishwasher,https://www.partselect.com/PS11745455-Whirlpool-WP8268703-Dishwasher-Axle-Adjuster.htm
PS11745457,Dishwasher Lower Dishrack Wheel WP8268713,Whirlpool,Dishwasher,https://www.partselect.com/PS11745457-Whirlpool-WP8268713-Dishwasher-Lower-Dishrack-Wheel.htm
PS11745458,Dishwasher Dishrack Adjuster Poitioner WP8268738,Whirlpool,Dishwasher,https://www.partselect.com/PS11745458-Whirlpool-WP8268738-Dishwasher-Dishrack-Adjuster-Poitioner.htm
PS11745459,Dishwasher Upper Dish Rack Wheel Mount WP8268743,Whirlpool,Dishwasher,https://www.partselect.com/PS11745459-Whirlpool-WP8268743-Dishwasher-Upper-Dish-Rack-Wheel-Mount.htm
PS11745464,Dishwasher Stationary Wheel And Mount WP8268785,Whirlpool,Dishwasher,https://www.partselect.com/PS11745464-Whirlpool-WP8268785-Dishwasher-Stationary-Wheel-And-Mount.htm
PS11745465,Dishwasher Upper Dishrack Roller Assembly WP8268807,Whirlpool,Dishwasher,https://www.partselect.com/PS11745465-Whirlpool-WP8268807-Dishwasher-Upper-Dishrack-Roller-Assembly.htm
PS11745466,Dishwasher Upper Spray Arm Mount WP8268812,Whirlpool,Dishwasher,https://www.partselect.com/PS11745466-Whirlpool-WP8268812-Dishwasher-Upper-Spray-Arm-Mount.htm
PS11745473,Dishwasher Water Inlet Tube Holder WP8268843,Whirlpool,Dishwasher,https://www.partselect.com/PS11745473-Whirlpool-WP8268843-Dishwasher-Water-Inlet-Tube-Holder.htm
PS11745476,Dishwasher Silverware Basket (White) WP8268864,Whirlpool,Dishwasher,https://www.partselect.com/PS11745476-Whirlpool-WP8268864-Dishwasher-Silverware-Basket-White.htm
PS11745477,Dishwasher Silverware Basket WP8268866,Whirlpool,Dishwasher,https://www.partselect.com/PS11745477-Whirlpool-WP8268866-Dishwasher-Silverware-Basket.htm
PS11745480,Dishwasher Lower Spray Arm Nut WP8268873,Whirlpool,Dishwasher,https://www.partselect.com/PS11745480-Whirlpool-WP8268873-Dishwasher-Lower-Spray-Arm-Nut.htm
PS11745483,Dishwasher Float Assembly WP8268895,Whirlpool,Dishwasher,https://www.partselect.com/PS11745483-Whirlpool-WP8268895-Dishwasher-Float-Assembly.htm
PS11745484,Dishwasher Float Switch WP8268909,Whirlpool,Dishwasher,https://www.partselect.com/PS11745484-Whirlpool-WP8268909-Dishwasher-Float-Switch.htm
PS11745488,Dishwasher Friction Sleeve WP8268961,Whirlpool,Dishwasher,https://www.partselect.com/PS11745488-Whirlpool-WP8268961-Dishwasher-Friction-Sleeve.htm
PS11745489,Dishwasher Transport Wheel WP8268977,Whirlpool,Dishwasher,https://www.partselect.com/PS11745489-Whirlpool-WP8268977-Dishwasher-Transport-Wheel.htm
PS11745493,Dishwasher Clip WP8269016,Whirlpool,Dishwasher,https://www.partselect.com/PS11745493-Whirlpool-WP8269016-Dishwasher-Clip.htm
PS11745494,Dishwasher Middle Spray Arm WP8269024,Whirlpool,Dishwasher,https://www.partselect.com/PS11745494-Whirlpool-WP8269024-Dishwasher-Middle-Spray-Arm.htm
PS11745495,Dishwasher Door Handle WP8269117,Whirlpool,Dishwasher,https://www.partselect.com/PS11745495-Whirlpool-WP8269117-Dishwasher-Door-Handle.htm
PS11745496,Dishwasher Mounting Bracket WP8269145,Whirlpool,Dishwasher,https://www.partselect.com/PS11745496-Whirlpool-WP8269145-Dishwasher-Mounting-Bracket.htm
PS11745500,Dishwasher Thermistor WP8269208,Whirlpool,Dishwasher,https://www.partselect.com/PS11745500-Whirlpool-WP8269208-Dishwasher-Thermistor.htm
PS11745501,Dishwasher Door Switch WP8269209,Whirlpool,Dishwasher,https://www.partselect.com/PS11745501-Whirlpool-WP8269209-Dishwasher-Door-Switch.htm
PS11745523,Dishwasher Transport Wheel WP8269831,Whirlpool,Dishwasher,https://www.partselect.com/PS11745523-Whirlpool-WP8269831-Dishwasher-Transport-Wheel.htm
PS11745524,Dishwasher Upper Rack Wheel And Mount Assembly WP8270016,Whirlpool,Dishwasher,https://www.partselect.com/PS11745524-Whirlpool-WP8270016-Dishwasher-Upper-Rack-Wheel-And-Mount-Assembly.htm
PS11745525,Dishwasher Upper Rack Wheel & Mount Assembly WP8270019,Whirlpool,"Dishwasher, Refrigerator",https://www.partselect.com/PS11745525-Whirlpool-WP8270019-Dishwasher-Upper-Rack-Wheel-Mount-Assembly.htm
PS11745526,Dishwasher Door Spring WP8270020,Whirlpool,Dishwasher,https://www.partselect.com/PS11745526-Whirlpool-WP8270020-Dishwasher-Door-Spring.htm
PS11745528,Dishwasher Dishrack Track Stop WP8270136,Whirlpool,Dishwasher,https://www.partselect.com/PS11745528-Whirlpool-WP8270136-Dishwasher-Dishrack-Track-Stop.htm
PS11745529,Dishwasher Upper Rack Wheel WP8270138,Whirlpool,Dishwasher,https://www.partselect.com/PS11745529-Whirlpool-WP8270138-Dishwasher-Upper-Rack-Wheel.htm
PS11745530,Dishwasher Electronic Control Board WP8270168,Whirlpool,Dishwasher,https://www.partselect.com/PS11745530-Whirlpool-WP8270168-Dishwasher-Electronic-Control-Board.htm
PS11745531,Dishwasher Door Balance Spring WP8270182,Whirlpool,Dishwasher,https://www.partselect.com/PS11745531-Whirlpool-WP8270182-Dishwasher-Door-Balance-Spring.htm
PS11745539,Dishwasher Control Panel WP8270232,Whirlpool,Dishwasher,https://www.partselect.com/PS11745539-Whirlpool-WP8270232-Dishwasher-Control-Panel.htm
PS11745603,Dishwasher Water Inlet Valve WP8274220,Whirlpool,Dishwasher,https://www.partselect.com/PS11745603-Whirlpool-WP8274220-Dishwasher-Water-Inlet-Valve.htm
PS11745611,Dishwasher Clip WP8274978,Whirlpool,Dishwasher,https://www.partselect.com/PS11745611-Whirlpool-WP8274978-Dishwasher-Clip.htm
PS11745616,Refrigerator Screw WP8281146,Whirlpool,Refrigerator,https://www.partselect.com/PS11745616-Whirlpool-WP8281146-Refrigerator-Screw.htm
PS11745618,Refrigerator Screw WP8281163,Whirlpool,"Refrigerator, Washer",https://www.partselect.com/PS11745618-Whirlpool-WP8281163-Refrigerator-Screw.htm
PS11745619,Refrigerator Screw WP8281164,Whirlpool,Refrigerator,https://www.partselect.com/PS11745619-Whirlpool-WP8281164-Refrigerator-Screw.htm
PS11745622,Refrigerator Screw WP8281196,Whirlpool,"Refrigerator, Ice Maker, Dryer, Grill",https://www.partselect.com/PS11745622-Whirlpool-WP8281196-Refrigerator-Screw.htm
PS11745623,Refrigerator Screw WP8281206,Whirlpool,"Refrigerator, Cabinet",https://www.partselect.com/PS11745623-Whirlpool-WP8281206-Refrigerator-Screw.htm
PS11745625,Refrigerator Screw WP8281227,Whirlpool,"Refrigerator, Washer, Cooktop, Washer Dryer Combo",https://www.partselect.com/PS11745625-Whirlpool-WP8281227-Refrigerator-Screw.htm
PS11745968,Refrigerator Door Shelf End Cap WP839904,Whirlpool,Refrigerator,https://www.partselect.com/PS11745968-Whirlpool-WP839904-Refrigerator-Door-Shelf-End-Cap.htm
PS11745969,Refrigerator Door Shelf End Cap WP839975,Whirlpool,"Refrigerator, Freezer",https://www.partselect.com/PS11745969-Whirlpool-WP839975-Refrigerator-Door-Shelf-End-Cap.htm
PS11745970,Refrigerator Tray WP841180A,Whirlpool,"Refrigerator, Washer, Freezer",https://www.partselect.com/PS11745970-Whirlpool-WP841180A-Refrigerator-Tray.htm
PS11745971,Refrigerator Evaporator Drain Pan WP842041,Whirlpool,Refrigerator,https://www.partselect.com/PS11745971-Whirlpool-WP842041-Refrigerator-Evaporator-Drain-Pan.htm
PS11745974,Refrigerator Door Shelf End Cap WP849996,Whirlpool,"Refrigerator, Freezer",https://www.partselect.com/PS11745974-Whirlpool-WP849996-Refrigerator-Door-Shelf-End-Cap.htm
PS11746016,Dishwasher Upper Spray Arm WP8519604,Whirlpool,Dishwasher,https://www.partselect.com/PS11746016-Whirlpool-WP8519604-Dishwasher-Upper-Spray-Arm.htm
PS11746083,Dishwasher Door Actuator WP8524471,Whirlpool,Dishwasher,https://www.partselect.com/PS11746083-Whirlpool-WP8524471-Dishwasher-Door-Actuator.htm
PS11746084,Dishwasher Door Latch Actuator WP8524472,Whirlpool,Dishwasher,https://www.partselect.com/PS11746084-Whirlpool-WP8524472-Dishwasher-Door-Latch-Actuator.htm
PS11746099,Dishwasher Water Deflector WP8528862,Whirlpool,Dishwasher,https://www.partselect.com/PS11746099-Whirlpool-WP8528862-Dishwasher-Water-Deflector.htm
PS11746116,Dishwasher Electronic Control Board WP8530995,Whirlpool,Dishwasher,https://www.partselect.com/PS11746116-Whirlpool-WP8530995-Dishwasher-Electronic-Control-Board.htm
PS11746118,Dishwasher Washer WP8531018,Whirlpool,Dishwasher,https://www.partselect.com/PS11746118-Whirlpool-WP8531018-Dishwasher-Washer.htm
PS11746119,Dishwasher Silverware Basket WP8531233,Whirlpool,Dishwasher,https://www.partselect.com/PS11746119-Whirlpool-WP8531233-Dishwasher-Silverware-Basket.htm
PS11746134,Dishwasher Control Panel WP8531267,Whirlpool,Dishwasher,https://www.partselect.com/PS11746134-Whirlpool-WP8531267-Dishwasher-Control-Panel.htm
PS11746135,Dishwasher Silverware Basket WP8531288,Whirlpool,Dishwasher,https://www.partselect.com/PS11746135-Whirlpool-WP8531288-Dishwasher-Silverware-Basket.htm
PS11746137,Dishwasher Tine Retainer WP8531314,Whirlpool,Dishwasher,https://www.partselect.com/PS11746137-Whirlpool-WP8531314-Dishwasher-Tine-Retainer.htm
PS11746138,Dishwasher Gasket WP8531323,Whirlpool,Dishwasher,https://www.partselect.com/PS11746138-Whirlpool-WP8531323-Dishwasher-Gasket.htm
PS11746141,Dishwasher Water Inlet Valve WP8531669,Whirlpool,Dishwasher,https://www.partselect.com/PS11746141-Whirlpool-WP8531669-Dishwasher-Water-Inlet-Valve.htm
PS11746142,Dishwasher Gasket WP8531743,Whirlpool,"Dishwasher, Miscellaneous",https://www.partselect.com/PS11746142-Whirlpool-WP8531743-Dishwasher-Gasket.htm
PS11746146,Dishwasher Protector WP8531857,Whirlpool,Dishwasher,https://www.partselect.com/PS11746146-Whirlpool-WP8531857-Dishwasher-Protector.htm
PS11746156,Dishwasher Dispenser Cap WP8533380,Whirlpool,Dishwasher,https://www.partselect.com/PS11746156-Whirlpool-WP8533380-Dishwasher-Dispenser-Cap.htm
PS11746157,Dishwasher Rinse Aid Sensor WP8533381,Whirlpool,Dishwasher,https://www.partselect.com/PS11746157-Whirlpool-WP8533381-Dishwasher-Rinse-Aid-Sensor.htm
PS11746173,Dishwasher Screw WP8534008,Whirlpool,Dishwasher,https://www.partselect.com/PS11746173-Whirlpool-WP8534008-Dishwasher-Screw.htm
PS11746189,Dishwasher Door Handle (Black) WP8534984,Whirlpool,Dishwasher,https://www.partselect.com/PS11746189-Whirlpool-WP8534984-Dishwasher-Door-Handle-Black.htm
PS11746192,Dishwasher Middle Spray Arm Gray WP8535083,Whirlpool,Dishwasher,https://www.partselect.com/PS11746192-Whirlpool-WP8535083-Dishwasher-Middle-Spray-Arm-Gray.htm
PS11746193,Dishwasher Spray Arm Middle WP8535086,Whirlpool,Dishwasher,https://www.partselect.com/PS11746193-Whirlpool-WP8535086-Dishwasher-Spray-Arm-Middle.htm
PS11746203,Dishwasher Washer Timer WP8535371,Whirlpool,Dishwasher,https://www.partselect.com/PS11746203-Whirlpool-WP8535371-Dishwasher-Washer-Timer.htm
PS11746208,Dishwasher Control Panel Seal WP8535660,Whirlpool,Dishwasher,https://www.partselect.com/PS11746208-Whirlpool-WP8535660-Dishwasher-Control-Panel-Seal.htm
PS11746224,Dishwasher Basket Silverware WP8539066,Whirlpool,"Dishwasher, Refrigerator",https://www.partselect.com/PS11746224-Whirlpool-WP8539066-Dishwasher-Basket-Silverware.htm
PS11746225,Dishwasher Nonflip Dishrack Clip WP8539101,Whirlpool,Dishwasher,https://www.partselect.com/PS11746225-Whirlpool-WP8539101-Dishwasher-Nonflip-Dishrack-Clip.htm
PS11746226,Dishwasher Positioner Gray WP8539102,Whirlpool,Dishwasher,https://www.partselect.com/PS11746226-Whirlpool-WP8539102-Dishwasher-Positioner-Gray.htm
PS11746228,Dishwasher Silverware Basket WP8539107,Whirlpool,Dishwasher,https://www.partselect.com/PS11746228-Whirlpool-WP8539107-Dishwasher-Silverware-Basket.htm
PS11746230,Dishwasher Nonflip Clip WP8539113,Whirlpool,Dishwasher,https://www.partselect.com/PS11746230-Whirlpool-WP8539113-Dishwasher-Nonflip-Clip.htm
PS11746241,Dishwasher Tine Pivot Clip WP8539190,Whirlpool,Dishwasher,https://www.partselect.com/PS11746241-Whirlpool-WP8539190-Dishwasher-Tine-Pivot-Clip.htm
PS11746245,Dishwasher Upper Spray Arm Mount WP8539324,Whirlpool,Dishwasher,https://www.partselect.com/PS11746245-Whirlpool-WP8539324-Dishwasher-Upper-Spray-Arm-Mount.htm
PS11746321,Refrigerator Sealstrip WP854334,Whirlpool,"Refrigerator, Range, Air Conditioner, Microwave Oven Combo",https://www.partselect.com/PS11746321-Whirlpool-WP854334-Refrigerator-Sealstrip.htm
PS11746356,Dishwasher Air Vent WP8545533,Whirlpool,Dishwasher,https://www.partselect.com/PS11746356-Whirlpool-WP8545533-Dishwasher-Air-Vent.htm
PS11746408,Dishwasher Detergent And Rinse Aid Dispenser WP8558129,Whirlpool,Dishwasher,https://www.partselect.com/PS11746408-Whirlpool-WP8558129-Dishwasher-Detergent-And-Rinse-Aid-Dispenser.htm
PS11746479,Dishwasher Basket Small Item WP8562003,Whirlpool,Dishwasher,https://www.partselect.com/PS11746479-Whirlpool-WP8562003-Dishwasher-Basket-Small-Item.htm
PS11746482,Dishwasher Silverware Basket WP8562043,Whirlpool,Dishwasher,https://www.partselect.com/PS11746482-Whirlpool-WP8562043-Dishwasher-Silverware-Basket.htm
PS11746489,Dishwasher Silverware Basket WP8562069,Whirlpool,Dishwasher,https://www.partselect.com/PS11746489-Whirlpool-WP8562069-Dishwasher-Silverware-Basket.htm
PS11746494,Dishwasher Silverware Basket WP8562090,Whirlpool,Dishwasher,https://www.partselect.com/PS11746494-Whirlpool-WP8562090-Dishwasher-Silverware-Basket.htm
PS11746567,Dishwasher Rinse Aid Cap WP8564929,Whirlpool,Dishwasher,https://www.partselect.com/PS11746567-Whirlpool-WP8564929-Dishwasher-Rinse-Aid-Cap.htm
PS11746591,Dishwasher Rack Track Stop WP8565925,Whirlpool,Dishwasher,https://www.partselect.com/PS11746591-Whirlpool-WP8565925-Dishwasher-Rack-Track-Stop.htm
PS11746658,Dishwasher Sump w/Seal WP8572618,Whirlpool,Dishwasher,https://www.partselect.com/PS11746658-Whirlpool-WP8572618-Dishwasher-Sump-w-Seal.htm
PS11746708,Dishwasher Strike Plate WP8574157,Whirlpool,Dishwasher,https://www.partselect.com/PS11746708-Whirlpool-WP8574157-Dishwasher-Strike-Plate.htm
PS11746725,Dishwasher Dishrack Roller WP8575897,Whirlpool,Dishwasher,https://www.partselect.com/PS11746725-Whirlpool-WP8575897-Dishwasher-Dishrack-Roller.htm
PS11746787,Dishwasher Water Feed Tube WP8579262,Whirlpool,Dishwasher,https://www.partselect.com/PS11746787-Whirlpool-WP8579262-Dishwasher-Water-Feed-Tube.htm
PS11746842,Dishwasher Coupler Gasket WP910218,Whirlpool,Dishwasher,https://www.partselect.com/PS11746842-Whirlpool-WP910218-Dishwasher-Coupler-Gasket.htm
PS11746860,Dishwasher Pump Grommet WP913108,Whirlpool,Dishwasher,https://www.partselect.com/PS11746860-Whirlpool-WP913108-Dishwasher-Pump-Grommet.htm
PS11746875,Refrigerator Kickplate Support Clip WP944224,Whirlpool,"Refrigerator, Freezer",https://www.partselect.com/PS11746875-Whirlpool-WP944224-Refrigerator-Kickplate-Support-Clip.htm
PS11747044,Dishwasher Drain Cover Gasket WP9740674,Whirlpool,Dishwasher,https://www.partselect.com/PS11747044-Whirlpool-WP9740674-Dishwasher-Drain-Cover-Gasket.htm
PS11747050,Dishwasher Screw 818 X 5/8 WP9741232,Whirlpool,"Dishwasher, Refrigerator, Washer, Ice Maker",https://www.partselect.com/PS11747050-Whirlpool-WP9741232-Dishwasher-Screw-818-X-5-8.htm
PS11747059,Dishwasher Overfill Standpipe Nut WP9741998,Whirlpool,Dishwasher,https://www.partselect.com/PS11747059-Whirlpool-WP9741998-Dishwasher-Overfill-Standpipe-Nut.htm
PS11747063,Dishwasher Wash Arm Retainer Nut WP9742945,Whirlpool,Dishwasher,https://www.partselect.com/PS11747063-Whirlpool-WP9742945-Dishwasher-Wash-Arm-Retainer-Nut.htm
PS11747064,Dishwasher Wash Arm Bearing Ring WP9742946,Whirlpool,Dishwasher,https://www.partselect.com/PS11747064-Whirlpool-WP9742946-Dishwasher-Wash-Arm-Bearing-Ring.htm
PS11747066,Dishwasher Upper Rack Wheel w/Axle WP9742983,Whirlpool,Dishwasher,https://www.partselect.com/PS11747066-Whirlpool-WP9742983-Dishwasher-Upper-Rack-Wheel-w-Axle.htm
PS11747067,Dishwasher Upper Wheel Gasket WP9743002,Whirlpool,"Dishwasher, Miscellaneous",https://www.partselect.com/PS11747067-Whirlpool-WP9743002-Dishwasher-Upper-Wheel-Gasket.htm
PS11747070,Dishwasher Tine Pivot Clip WP9743019,Whirlpool,Dishwasher,https://www.partselect.com/PS11747070-Whirlpool-WP9743019-Dishwasher-Tine-Pivot-Clip.htm
PS11747072,Dishwasher Electronic Push-Button Switch Membrane WP9743241,Whirlpool,Dishwasher,https://www.partselect.com/PS11747072-Whirlpool-WP9743241-Dishwasher-Electronic-Push-Button-Switch-Membrane.htm
PS11747082,Dishwasher Handle Spring WP9743573,Whirlpool,Dishwasher,https://www.partselect.com/PS11747082-Whirlpool-WP9743573-Dishwasher-Handle-Spring.htm
PS11747089,Dishwasher Door Handle WP9743903,Whirlpool,Dishwasher,https://www.partselect.com/PS11747089-Whirlpool-WP9743903-Dishwasher-Door-Handle.htm
PS11747093,Dishwasher Control Panel WP9744106,Whirlpool,Dishwasher,https://www.partselect.com/PS11747093-Whirlpool-WP9744106-Dishwasher-Control-Panel.htm
PS11747446,Refrigerator Glass Shelf Insert WP9791659,Whirlpool,Refrigerator,https://www.partselect.com/PS11747446-Whirlpool-WP9791659-Refrigerator-Glass-Shelf-Insert.htm
PS11747448,Refrigerator Access Hole Cover (White) WP9791769,Whirlpool,Refrigerator,https://www.partselect.com/PS11747448-Whirlpool-WP9791769-Refrigerator-Access-Hole-Cover-White.htm
PS11747542,Refrigerator Screw WP98165,Whirlpool,"Refrigerator, Washer, Freezer, Air Conditioner",https://www.partselect.com/PS11747542-Whirlpool-WP98165-Refrigerator-Screw.htm
PS11747544,Refrigerator Ice Cube Container WP982704,Whirlpool,Refrigerator,https://www.partselect.com/PS11747544-Whirlpool-WP982704-Refrigerator-Ice-Cube-Container.htm
PS11747552,Refrigerator Retainer Bar End Cap WP986540,Whirlpool,"Refrigerator, Freezer",https://www.partselect.com/PS11747552-Whirlpool-WP986540-Refrigerator-Retainer-Bar-End-Cap.htm
PS11747557,Refrigerator Water Dispenser Arm WP987074,Whirlpool,Refrigerator,https://www.partselect.com/PS11747557-Whirlpool-WP987074-Refrigerator-Water-Dispenser-Arm.htm
PS11747615,Dishwasher Drain Hose WP99001782,Whirlpool,Dishwasher,https://www.partselect.com/PS11747615-Whirlpool-WP99001782-Dishwasher-Drain-Hose.htm
PS11747687,Dishwasher Cable Bracket Roller WP99002608,Whirlpool,Dishwasher,https://www.partselect.com/PS11747687-Whirlpool-WP99002608-Dishwasher-Cable-Bracket-Roller.htm
PS11747692,Dishwasher Manifold WP99002642,Whirlpool,Dishwasher,https://www.partselect.com/PS11747692-Whirlpool-WP99002642-Dishwasher-Manifold.htm
PS11747693,Dishwasher Manifold Mounting Bracket WP99002643,Whirlpool,Dishwasher,https://www.partselect.com/PS11747693-Whirlpool-WP99002643-Dishwasher-Manifold-Mounting-Bracket.htm
PS11747697,Dishwasher Drain Hose WP99002652,Whirlpool,Dishwasher,https://www.partselect.com/PS11747697-Whirlpool-WP99002652-Dishwasher-Drain-Hose.htm
PS11747701,Dishwasher Wash Impeller WP99002659,Whirlpool,Dishwasher,https://www.partselect.com/PS11747701-Whirlpool-WP99002659-Dishwasher-Wash-Impeller.htm
PS11747705,Dishwasher Convertible Tine Pivot WP99002687,Whirlpool,Dishwasher,https://www.partselect.com/PS11747705-Whirlpool-WP99002687-Dishwasher-Convertible-Tine-Pivot.htm
PS11747706,Dishwasher Convertible Tine Latch WP99002688,Whirlpool,Dishwasher,https://www.partselect.com/PS11747706-Whirlpool-WP99002688-Dishwasher-Convertible-Tine-Latch.htm
PS11747716,Dishwasher Top Wash Arm Retainer WP99002753,Whirlpool,Dishwasher,https://www.partselect.com/PS11747716-Whirlpool-WP99002753-Dishwasher-Top-Wash-Arm-Retainer.htm
PS11747726,Dishwasher Latch Handle WP99002836,Whirlpool,Dishwasher,https://www.partselect.com/PS11747726-Whirlpool-WP99002836-Dishwasher-Latch-Handle.htm
PS11747729,Dishwasher Latch Handle WP99002839,Whirlpool,Dishwasher,https://www.partselect.com/PS11747729-Whirlpool-WP99002839-Dishwasher-Latch-Handle.htm
PS11747732,Dishwasher Injector Hose WP99002852,Whirlpool,Dishwasher,https://www.partselect.com/PS11747732-Whirlpool-WP99002852-Dishwasher-Injector-Hose.htm
PS11747744,"Dishwasher Tub Trim, Lower WP99003041",Whirlpool,Dishwasher,https://www.partselect.com/PS11747744-Whirlpool-WP99003041-Dishwasher-Tub-Trim-Lower.htm
PS11747752,Dishwasher Convertible Tine Latch WP99003115,Whirlpool,Dishwasher,https://www.partselect.com/PS11747752-Whirlpool-WP99003115-Dishwasher-Convertible-Tine-Latch.htm
PS11747772,Dishwasher Door Cable Link WP99003446,Whirlpool,Dishwasher,https://www.partselect.com/PS11747772-Whirlpool-WP99003446-Dishwasher-Door-Cable-Link.htm
PS11747773,Dishwasher Folding Tine Clip WP99003484,Whirlpool,Dishwasher,https://www.partselect.com/PS11747773-Whirlpool-WP99003484-Dishwasher-Folding-Tine-Clip.htm
PS11747777,Dishwasher Adjustable Tine Clip WP99003527,Whirlpool,Dishwasher,https://www.partselect.com/PS11747777-Whirlpool-WP99003527-Dishwasher-Adjustable-Tine-Clip.htm
PS11747779,Dishwasher Bezel WP99003605,Whirlpool,Dishwasher,https://www.partselect.com/PS11747779-Whirlpool-WP99003605-Dishwasher-Bezel.htm
PS11747799,Refrigerator Screw WP999367,Whirlpool,"Refrigerator, Ice Maker, Freezer, Range",https://www.partselect.com/PS11747799-Whirlpool-WP999367-Refrigerator-Screw.htm
PS11747802,Refrigerator Glass Shelf WP999520,Whirlpool,Refrigerator,https://www.partselect.com/PS11747802-Whirlpool-WP999520-Refrigerator-Glass-Shelf.htm
PS11747809,Refrigerator Plastic Tube Insert WPA3223101,Whirlpool,"Refrigerator, Ice Maker, Dryer",https://www.partselect.com/PS11747809-Whirlpool-WPA3223101-Refrigerator-Plastic-Tube-Insert.htm
PS11747816,Refrigerator Plastic Tubing WPB5705307,Whirlpool,"Refrigerator, Freezer, Ice Maker",https://www.partselect.com/PS11747816-Whirlpool-WPB5705307-Refrigerator-Plastic-Tubing.htm
PS11747913,Refrigerator Speed Clamp Clip WPM0114003,Whirlpool,"Refrigerator, Ice Maker",https://www.partselect.com/PS11747913-Whirlpool-WPM0114003-Refrigerator-Speed-Clamp-Clip.htm
PS11747914,Refrigerator Kick Plate Grill Clip WPM0117303,Whirlpool,"Refrigerator, Freezer",https://www.partselect.com/PS11747914-Whirlpool-WPM0117303-Refrigerator-Kick-Plate-Grill-Clip.htm
PS11747920,Refrigerator Door Hinge Nylon Washer WPM0274057,Whirlpool,Refrigerator,https://www.partselect.com/PS11747920-Whirlpool-WPM0274057-Refrigerator-Door-Hinge-Nylon-Washer.htm
PS11747921,Refrigerator Door Hinge Shim WPM0274058,Whirlpool,"Refrigerator, Freezer",https://www.partselect.com/PS11747921-Whirlpool-WPM0274058-Refrigerator-Door-Hinge-Shim.htm
PS11747963,Dishwasher Heavy Duty Door Spring WPR9900669,Whirlpool,Dishwasher,https://www.partselect.com/PS11747963-Whirlpool-WPR9900669-Dishwasher-Heavy-Duty-Door-Spring.htm
PS11748129,Dishwasher Tine Clip WPW10077844,Whirlpool,Dishwasher,https://www.partselect.com/PS11748129-Whirlpool-WPW10077844-Dishwasher-Tine-Clip.htm
PS11748131,Dishwasher Feed Tube w/3rd Level Spinner WPW10077859,Whirlpool,"Dishwasher, Dryer",https://www.partselect.com/PS11748131-Whirlpool-WPW10077859-Dishwasher-Feed-Tube-w-3rd-Level-Spinner.htm
PS11748135,Dishwasher Rinse Aid Cap WPW10077881,Whirlpool,Dishwasher,https://www.partselect.com/PS11748135-Whirlpool-WPW10077881-Dishwasher-Rinse-Aid-Cap.htm
PS11748138,Dishwasher Lower Spray Arm Hub Gray WPW10077898,Whirlpool,Dishwasher,https://www.partselect.com/PS11748138-Whirlpool-WPW10077898-Dishwasher-Lower-Spray-Arm-Hub-Gray.htm
PS11748156,Dishwasher Upper Rack Wheel WPW10078214,Whirlpool,Dishwasher,https://www.partselect.com/PS11748156-Whirlpool-WPW10078214-Dishwasher-Upper-Rack-Wheel.htm
PS11748157,Dishwasher Tine Row Combo Retainer WPW10078215,Whirlpool,Dishwasher,https://www.partselect.com/PS11748157-Whirlpool-WPW10078215-Dishwasher-Tine-Row-Combo-Retainer.htm
PS11748158,Dishwasher Tine Row Pivot WPW10078227,Whirlpool,Dishwasher,https://www.partselect.com/PS11748158-Whirlpool-WPW10078227-Dishwasher-Tine-Row-Pivot.htm
PS11748190,Dishwasher Tine Pivot WPW10082853,Whirlpool,Dishwasher,https://www.partselect.com/PS11748190-Whirlpool-WPW10082853-Dishwasher-Tine-Pivot.htm
PS11748193,Dishwasher Lower Dishrack Wheel WPW10082868,Whirlpool,Dishwasher,https://www.partselect.com/PS11748193-Whirlpool-WPW10082868-Dishwasher-Lower-Dishrack-Wheel.htm
PS11748194,Dishwasher Heating Element WPW10082892,Whirlpool,Dishwasher,https://www.partselect.com/PS11748194-Whirlpool-WPW10082892-Dishwasher-Heating-Element.htm
PS11748195,Dishwasher Heater WPW10082894,Whirlpool,Dishwasher,https://www.partselect.com/PS11748195-Whirlpool-WPW10082894-Dishwasher-Heater.htm
PS11748196,Dishwasher Heater Element WPW10082896,Whirlpool,Dishwasher,https://www.partselect.com/PS11748196-Whirlpool-WPW10082896-Dishwasher-Heater-Element.htm
PS11748220,Dishwasher Electronic Control Board WPW10084141,Whirlpool,Dishwasher,https://www.partselect.com/PS11748220-Whirlpool-WPW10084141-Dishwasher-Electronic-Control-Board.htm
PS11748221,Dishwasher Electronic Control Board WPW10084142,Whirlpool,Dishwasher,https://www.partselect.com/PS11748221-Whirlpool-WPW10084142-Dishwasher-Electronic-Control-Board.htm
PS11748281,Dishwasher Tine Retainer WPW10107150,Whirlpool,Dishwasher,https://www.partselect.com/PS11748281-Whirlpool-WPW10107150-Dishwasher-Tine-Retainer.htm
PS11748543,Dishwasher Inner Door Foam Insulation Strip WPW10117748,Whirlpool,Dishwasher,https://www.partselect.com/PS11748543-Whirlpool-WPW10117748-Dishwasher-Inner-Door-Foam-Insulation-Strip.htm
PS11748555,Dishwasher Hinge Bracket Right Side WPW10118637,Whirlpool,Dishwasher,https://www.partselect.com/PS11748555-Whirlpool-WPW10118637-Dishwasher-Hinge-Bracket-Right-Side.htm
PS11748572,Refrigerator Door Handle WPW10119651,Whirlpool,Refrigerator,https://www.partselect.com/PS11748572-Whirlpool-WPW10119651-Refrigerator-Door-Handle.htm
PS11748580,Refrigerator Handle WPW10119668,Whirlpool,Refrigerator,https://www.partselect.com/PS11748580-Whirlpool-WPW10119668-Refrigerator-Handle.htm
PS11748589,Refrigerator Door Shelf Bin (White) WPW10119841,Whirlpool,Refrigerator,https://www.partselect.com/PS11748589-Whirlpool-WPW10119841-Refrigerator-Door-Shelf-Bin-White.htm
PS11748590,Refrigerator Door Bin WPW10119846,Whirlpool,Refrigerator,https://www.partselect.com/PS11748590-Whirlpool-WPW10119846-Refrigerator-Door-Bin.htm
PS11748592,Refrigerator Light Socket WPW10119935,Whirlpool,Refrigerator,https://www.partselect.com/PS11748592-Whirlpool-WPW10119935-Refrigerator-Light-Socket.htm
PS11748630,Refrigerator Pantry Drawer End Cap Right Side WPW10121977,Whirlpool,Refrigerator,https://www.partselect.com/PS11748630-Whirlpool-WPW10121977-Refrigerator-Pantry-Drawer-End-Cap-Right-Side.htm
PS11748632,Refrigerator Pantry Drawer End Cap Left Side WPW10122078,Whirlpool,Refrigerator,https://www.partselect.com/PS11748632-Whirlpool-WPW10122078-Refrigerator-Pantry-Drawer-End-Cap-Left-Side.htm
PS11748719,Refrigerator Shelf Mounting Cup WPW10130299,Whirlpool,Refrigerator,https://www.partselect.com/PS11748719-Whirlpool-WPW10130299-Refrigerator-Shelf-Mounting-Cup.htm
PS11748729,Dishwasher Door Handle And Latch Assembly with Switch WPW10130695,Whirlpool,Dishwasher,https://www.partselect.com/PS11748729-Whirlpool-WPW10130695-Dishwasher-Door-Handle-And-Latch-Assembly-with-Switch.htm
PS11748745,Refrigerator Dispenser Actuator WPW10131124,Whirlpool,Refrigerator,https://www.partselect.com/PS11748745-Whirlpool-WPW10131124-Refrigerator-Dispenser-Actuator.htm
PS11748748,Refrigerator Black Grille Toe WPW10131134,Whirlpool,Refrigerator,https://www.partselect.com/PS11748748-Whirlpool-WPW10131134-Refrigerator-Black-Grille-Toe.htm
PS11748819,Dishwasher Door Switch WPW10134019,Whirlpool,Dishwasher,https://www.partselect.com/PS11748819-Whirlpool-WPW10134019-Dishwasher-Door-Switch.htm
PS11748857,Refrigerator Electronic Control Board WPW10135901,Whirlpool,Refrigerator,https://www.partselect.com/PS11748857-Whirlpool-WPW10135901-Refrigerator-Electronic-Control-Board.htm
PS11748996,Refrigerator Shelf Cantilever WPW10141748,Whirlpool,Refrigerator,https://www.partselect.com/PS11748996-Whirlpool-WPW10141748-Refrigerator-Shelf-Cantilever.htm
PS11749024,Refrigerator Crisper Drawer WPW10143396,Whirlpool,Refrigerator,https://www.partselect.com/PS11749024-Whirlpool-WPW10143396-Refrigerator-Crisper-Drawer.htm
PS11749031,Refrigerator Drier (Service) WPW10143759,Whirlpool,"Refrigerator, Freezer, Microwave, Wine and Beverage Cooler",https://www.partselect.com/PS11749031-Whirlpool-WPW10143759-Refrigerator-Drier-Service.htm
PS11749090,Refrigerator Air Diffuser Assembly WPW10151374,Whirlpool,Refrigerator,https://www.partselect.com/PS11749090-Whirlpool-WPW10151374-Refrigerator-Air-Diffuser-Assembly.htm
PS11749098,Refrigerator Flipper Assembly WPW10151713,Whirlpool,Refrigerator,https://www.partselect.com/PS11749098-Whirlpool-WPW10151713-Refrigerator-Flipper-Assembly.htm
PS11749213,Dishwasher Water Inlet Valve WPW10158389,Whirlpool,Dishwasher,https://www.partselect.com/PS11749213-Whirlpool-WPW10158389-Dishwasher-Water-Inlet-Valve.htm
PS11749224,Refrigerator Crisper Drawer WPW10159659,Whirlpool,Refrigerator,https://www.partselect.com/PS11749224-Whirlpool-WPW10159659-Refrigerator-Crisper-Drawer.htm
PS11749348,Refrigerator Bimetal Defrost Thermostat WPW10165425,Whirlpool,Refrigerator,https://www.partselect.com/PS11749348-Whirlpool-WPW10165425-Refrigerator-Bimetal-Defrost-Thermostat.htm
PS11749363,Refrigerator Crisper Pan WPW10166209,Whirlpool,Refrigerator,https://www.partselect.com/PS11749363-Whirlpool-WPW10166209-Refrigerator-Crisper-Pan.htm
PS11749383,Dishwasher Filterplt WPW10166788,Whirlpool,Dishwasher,https://www.partselect.com/PS11749383-Whirlpool-WPW10166788-Dishwasher-Filterplt.htm
PS11749415,Refrigerator Dispenser Actuator Pad WPW10168729,Whirlpool,Refrigerator,https://www.partselect.com/PS11749415-Whirlpool-WPW10168729-Refrigerator-Dispenser-Actuator-Pad.htm
PS11749442,Refrigerator Ice Dispenser Motor Coupling WPW10169511,Whirlpool,Refrigerator,https://www.partselect.com/PS11749442-Whirlpool-WPW10169511-Refrigerator-Ice-Dispenser-Motor-Coupling.htm
PS11749498,Refrigerator Screw WPW10170540,Whirlpool,"Refrigerator, Freezer",https://www.partselect.com/PS11749498-Whirlpool-WPW10170540-Refrigerator-Screw.htm
PS11749584,Dishwasher Retainer WPW10175279,Whirlpool,Dishwasher,https://www.partselect.com/PS11749584-Whirlpool-WPW10175279-Dishwasher-Retainer.htm
PS11749612,Refrigerator Grille Shroud WPW10175909,Whirlpool,Refrigerator,https://www.partselect.com/PS11749612-Whirlpool-WPW10175909-Refrigerator-Grille-Shroud.htm
PS11749640,Dishwasher Screw WPW10177098,Whirlpool,Dishwasher,https://www.partselect.com/PS11749640-Whirlpool-WPW10177098-Dishwasher-Screw.htm
PS11749661,Refrigerator Crisper Pan (Clear) WPW10178772,Whirlpool,Refrigerator,https://www.partselect.com/PS11749661-Whirlpool-WPW10178772-Refrigerator-Crisper-Pan-Clear.htm
PS11749772,Refrigerator Door Shelf Rail WPW10183971,Whirlpool,Refrigerator,https://www.partselect.com/PS11749772-Whirlpool-WPW10183971-Refrigerator-Door-Shelf-Rail.htm
PS11749796,Refrigerator Ice Dispenser Door Motor WPW10184813,Whirlpool,Refrigerator,https://www.partselect.com/PS11749796-Whirlpool-WPW10184813-Refrigerator-Ice-Dispenser-Door-Motor.htm
PS11749808,Refrigerator Kickplate Grille (Black) WPW10184888,Whirlpool,Refrigerator,https://www.partselect.com/PS11749808-Whirlpool-WPW10184888-Refrigerator-Kickplate-Grille-Black.htm
PS11749809,Refrigerator Kickplate Grille WPW10184890,Whirlpool,Refrigerator,https://www.partselect.com/PS11749809-Whirlpool-WPW10184890-Refrigerator-Kickplate-Grille.htm
PS11749810,Refrigerator Ice Crusher Housing WPW10185018,Whirlpool,Refrigerator,https://www.partselect.com/PS11749810-Whirlpool-WPW10185018-Refrigerator-Ice-Crusher-Housing.htm
PS11749890,Refrigerator Evaporator Fan Motor WPW10189703,Whirlpool,Refrigerator,https://www.partselect.com/PS11749890-Whirlpool-WPW10189703-Refrigerator-Evaporator-Fan-Motor.htm
PS11749906,Dishwasher Silverware Basket Gray WPW10190415,Whirlpool,Dishwasher,https://www.partselect.com/PS11749906-Whirlpool-WPW10190415-Dishwasher-Silverware-Basket-Gray.htm
PS11749913,Dishwasher Transport Wheel WPW10190778,Whirlpool,Dishwasher,https://www.partselect.com/PS11749913-Whirlpool-WPW10190778-Dishwasher-Transport-Wheel.htm
PS11749915,Refrigerator Ice Mold WPW10190929,Whirlpool,"Refrigerator, Ice Maker",https://www.partselect.com/PS11749915-Whirlpool-WPW10190929-Refrigerator-Ice-Mold.htm
PS11749929,Refrigerator Socket WPW10191429,Whirlpool,"Refrigerator, Freezer",https://www.partselect.com/PS11749929-Whirlpool-WPW10191429-Refrigerator-Socket.htm
PS11749941,Dishwasher Accumulator Filter WPW10192799,Whirlpool,Dishwasher,https://www.partselect.com/PS11749941-Whirlpool-WPW10192799-Dishwasher-Accumulator-Filter.htm
PS11750031,Dishwasher Overfill Control Switch WPW10195039,Whirlpool,"Dishwasher, Dryer",https://www.partselect.com/PS11750031-Whirlpool-WPW10195039-Dishwasher-Overfill-Control-Switch.htm
PS11750035,Dishwasher Thermostat WPW10195091,Whirlpool,Dishwasher,https://www.partselect.com/PS11750035-Whirlpool-WPW10195091-Dishwasher-Thermostat.htm
PS11750039,Dishwasher Wire Harness WPW10195204,Whirlpool,Dishwasher,https://www.partselect.com/PS11750039-Whirlpool-WPW10195204-Dishwasher-Wire-Harness.htm
PS11750066,Dishwasher Water Inlet WPW10195536,Whirlpool,Dishwasher,https://www.partselect.com/PS11750066-Whirlpool-WPW10195536-Dishwasher-Water-Inlet.htm
PS11750072,Dishwasher Drawer Track WPW10195623,Whirlpool,Dishwasher,https://www.partselect.com/PS11750072-Whirlpool-WPW10195623-Dishwasher-Drawer-Track.htm
PS11750077,Dishwasher Sump and Seal Assembly WPW10195643,Whirlpool,Dishwasher,https://www.partselect.com/PS11750077-Whirlpool-WPW10195643-Dishwasher-Sump-and-Seal-Assembly.htm
PS11750079,Dishwasher Wire Harness WPW10195666,Whirlpool,Dishwasher,https://www.partselect.com/PS11750079-Whirlpool-WPW10195666-Dishwasher-Wire-Harness.htm
PS11750092,Dishwasher Dishrack Adjuster WPW10195839,Whirlpool,Dishwasher,https://www.partselect.com/PS11750092-Whirlpool-WPW10195839-Dishwasher-Dishrack-Adjuster.htm
PS11750093,Dishwasher Positioner WPW10195840,Whirlpool,Dishwasher,https://www.partselect.com/PS11750093-Whirlpool-WPW10195840-Dishwasher-Positioner.htm
PS11750106,Refrigerator Damper Control Assembly WPW10196393,Whirlpool,Refrigerator,https://www.partselect.com/PS11750106-Whirlpool-WPW10196393-Refrigerator-Damper-Control-Assembly.htm
PS11750123,Refrigerator Compressor Start Relay WPW10197428,Whirlpool,Refrigerator,https://www.partselect.com/PS11750123-Whirlpool-WPW10197428-Refrigerator-Compressor-Start-Relay.htm
PS11750167,Dishwasher Detergent Dispenser Assembly WPW10199696,Whirlpool,Dishwasher,https://www.partselect.com/PS11750167-Whirlpool-WPW10199696-Dishwasher-Detergent-Dispenser-Assembly.htm
PS11750255,Dishwasher Rack Adjuster WPW10204131,Whirlpool,Dishwasher,https://www.partselect.com/PS11750255-Whirlpool-WPW10204131-Dishwasher-Rack-Adjuster.htm
PS11750256,Dishwasher Rack Adjuster WPW10204141,Whirlpool,Dishwasher,https://www.partselect.com/PS11750256-Whirlpool-WPW10204141-Dishwasher-Rack-Adjuster.htm
PS11750388,Refrigerator Electronic Circuit Board WPW10207861,Whirlpool,Refrigerator,https://www.partselect.com/PS11750388-Whirlpool-WPW10207861-Refrigerator-Electronic-Circuit-Board.htm
PS11750436,Refrigerator Electronic Control Board WPW10210789,Whirlpool,Refrigerator,https://www.partselect.com/PS11750436-Whirlpool-WPW10210789-Refrigerator-Electronic-Control-Board.htm
PS11750566,Dishwasher Electronic Control Board WPW10218822,Whirlpool,Dishwasher,https://www.partselect.com/PS11750566-Whirlpool-WPW10218822-Dishwasher-Electronic-Control-Board.htm
PS11750653,Refrigerator Torsion Spring WPW10224328,Whirlpool,"Refrigerator, Dryer",https://www.partselect.com/PS11750653-Whirlpool-WPW10224328-Refrigerator-Torsion-Spring.htm
PS11750654,Dishwasher Detergent & Rinse Aid Dispenser WPW10224428,Whirlpool,Dishwasher,https://www.partselect.com/PS11750654-Whirlpool-WPW10224428-Dishwasher-Detergent-Rinse-Aid-Dispenser.htm
PS11750655,Dishwasher Detergent And Rinse Dispenser w/Cap WPW10224430,Whirlpool,Dishwasher,https://www.partselect.com/PS11750655-Whirlpool-WPW10224430-Dishwasher-Detergent-And-Rinse-Dispenser-w-Cap.htm
PS11750673,Refrigerator Bimetal Defrost Thermostat WPW10225581,Whirlpool,Refrigerator,https://www.partselect.com/PS11750673-Whirlpool-WPW10225581-Refrigerator-Bimetal-Defrost-Thermostat.htm
PS11750693,Refrigerator Shelf Trim (White) WPW10231345,Whirlpool,Refrigerator,https://www.partselect.com/PS11750693-Whirlpool-WPW10231345-Refrigerator-Shelf-Trim-White.htm
PS11750731,Refrigerator Crisper Drawer (Clear) WPW10233488,Whirlpool,Refrigerator,https://www.partselect.com/PS11750731-Whirlpool-WPW10233488-Refrigerator-Crisper-Drawer-Clear.htm
PS11750846,Refrigerator Freezer Glass Shelf WPW10238483,Whirlpool,,https://www.partselect.com/PS11750846-Whirlpool-WPW10238483-Refrigerator-Freezer-Glass-Shelf.htm
PS11750968,Refrigerator Water Inlet Valve 120v 60hz WPW10245167,Whirlpool,Refrigerator,https://www.partselect.com/PS11750968-Whirlpool-WPW10245167-Refrigerator-Water-Inlet-Valve-120v-60hz.htm
PS11751007,Dishwasher Door Latch Assembly WPW10247175,Whirlpool,Dishwasher,https://www.partselect.com/PS11751007-Whirlpool-WPW10247175-Dishwasher-Door-Latch-Assembly.htm
PS11751017,Refrigerator Air Damper Control Assembly WPW10247377,Whirlpool,Refrigerator,https://www.partselect.com/PS11751017-Whirlpool-WPW10247377-Refrigerator-Air-Damper-Control-Assembly.htm
PS11751092,Dishwasher Control Panel WPW10250007,Whirlpool,Dishwasher,https://www.partselect.com/PS11751092-Whirlpool-WPW10250007-Dishwasher-Control-Panel.htm
PS11751101,Dishwasher Adjuster Housing Cover WPW10250162,Whirlpool,Dishwasher,https://www.partselect.com/PS11751101-Whirlpool-WPW10250162-Dishwasher-Adjuster-Housing-Cover.htm
PS11751112,Refrigerator Rear Roller WPW10250570,Whirlpool,"Refrigerator, Freezer",https://www.partselect.com/PS11751112-Whirlpool-WPW10250570-Refrigerator-Rear-Roller.htm
PS11751201,Dishwasher Upper Dishrack w/Middle Arm And Tube WPW10253040,Whirlpool,Dishwasher,https://www.partselect.com/PS11751201-Whirlpool-WPW10253040-Dishwasher-Upper-Dishrack-w-Middle-Arm-And-Tube.htm
PS11751238,Dishwasher Faucet Adapter WPW10254672,Whirlpool,"Dishwasher, Washer",https://www.partselect.com/PS11751238-Whirlpool-WPW10254672-Dishwasher-Faucet-Adapter.htm
PS11751246,Dishwasher Dishrack Roller WPW10254909,Whirlpool,Dishwasher,https://www.partselect.com/PS11751246-Whirlpool-WPW10254909-Dishwasher-Dishrack-Roller.htm
PS11751281,Refrigerator Deli Drawer WPW10256770,Whirlpool,Refrigerator,https://www.partselect.com/PS11751281-Whirlpool-WPW10256770-Refrigerator-Deli-Drawer.htm
PS11751282,Refrigerator Meat Pan WPW10256774,Whirlpool,Refrigerator,https://www.partselect.com/PS11751282-Whirlpool-WPW10256774-Refrigerator-Meat-Pan.htm
PS11751292,Refrigerator Freezer Drawer WPW10256827,Whirlpool,Refrigerator,https://www.partselect.com/PS11751292-Whirlpool-WPW10256827-Refrigerator-Freezer-Drawer.htm
PS11751309,Refrigerator Axle WPW10257246,Whirlpool,Refrigerator,https://www.partselect.com/PS11751309-Whirlpool-WPW10257246-Refrigerator-Axle.htm
PS11751313,Dishwasher Manifold WPW10258149,Whirlpool,Dishwasher,https://www.partselect.com/PS11751313-Whirlpool-WPW10258149-Dishwasher-Manifold.htm
PS11751405,Dishwasher Rail Stop WPW10261227,Whirlpool,Dishwasher,https://www.partselect.com/PS11751405-Whirlpool-WPW10261227-Dishwasher-Rail-Stop.htm
PS11751424,Dishwasher Clip WPW10267076,Whirlpool,Dishwasher,https://www.partselect.com/PS11751424-Whirlpool-WPW10267076-Dishwasher-Clip.htm
PS11751482,Refrigerator Glass Shelf WPW10269145,Whirlpool,Refrigerator,https://www.partselect.com/PS11751482-Whirlpool-WPW10269145-Refrigerator-Glass-Shelf.htm
PS11751520,Refrigerator Crisper Drawer Cover (White) WPW10270150,Whirlpool,Refrigerator,https://www.partselect.com/PS11751520-Whirlpool-WPW10270150-Refrigerator-Crisper-Drawer-Cover-White.htm
PS11751583,Refrigerator Ice Maker Stripper Arm WPW10272161,Whirlpool,Refrigerator,https://www.partselect.com/PS11751583-Whirlpool-WPW10272161-Refrigerator-Ice-Maker-Stripper-Arm.htm
PS11751591,Refrigerator Screw WPW10272364,Whirlpool,"Refrigerator, Dishwasher, Freezer",https://www.partselect.com/PS11751591-Whirlpool-WPW10272364-Refrigerator-Screw.htm
PS11751626,Dishwasher Drain & Fill Hose Assembly WPW10273574,Whirlpool,Dishwasher,https://www.partselect.com/PS11751626-Whirlpool-WPW10273574-Dishwasher-Drain-Fill-Hose-Assembly.htm
PS11751645,Dishwasher Door Switch WPW10274880,Whirlpool,Dishwasher,https://www.partselect.com/PS11751645-Whirlpool-WPW10274880-Dishwasher-Door-Switch.htm
PS11751688,Dishwasher Door Latch w/Switches No Handle WPW10275768,Whirlpool,Dishwasher,https://www.partselect.com/PS11751688-Whirlpool-WPW10275768-Dishwasher-Door-Latch-w-Switches-No-Handle.htm
PS11751711,Refrigerator Shelf Frame with Glass WPW10276341,Whirlpool,Refrigerator,https://www.partselect.com/PS11751711-Whirlpool-WPW10276341-Refrigerator-Shelf-Frame-with-Glass.htm
PS11751713,Refrigerator Slide-Out Shelf with Glass WPW10276348,Whirlpool,Refrigerator,https://www.partselect.com/PS11751713-Whirlpool-WPW10276348-Refrigerator-Slide-Out-Shelf-with-Glass.htm
PS11751714,Refrigerator Spill-Guard Glass Shelf WPW10276354,Whirlpool,Refrigerator,https://www.partselect.com/PS11751714-Whirlpool-WPW10276354-Refrigerator-Spill-Guard-Glass-Shelf.htm
PS11751803,Refrigerator Water Tubing WPW10279884,Whirlpool,Refrigerator,https://www.partselect.com/PS11751803-Whirlpool-WPW10279884-Refrigerator-Water-Tubing.htm
PS11752011,Dishwasher Electronic Control Board WPW10285178,Whirlpool,"Dishwasher, Washer Dryer Combo",https://www.partselect.com/PS11752011-Whirlpool-WPW10285178-Dishwasher-Electronic-Control-Board.htm
PS11752012,Dishwasher Electronic Control Board WPW10285179,Whirlpool,Dishwasher,https://www.partselect.com/PS11752012-Whirlpool-WPW10285179-Dishwasher-Electronic-Control-Board.htm
PS11752071,Refrigerator Screw WPW10288153,Whirlpool,"Refrigerator, Freezer",https://www.partselect.com/PS11752071-Whirlpool-WPW10288153-Refrigerator-Screw.htm
PS11752093,Refrigerator Door Bin WPW10289497,Whirlpool,Refrigerator,https://www.partselect.com/PS11752093-Whirlpool-WPW10289497-Refrigerator-Door-Bin.htm
PS11752094,Refrigerator Gallon Door Bucket WPW10289498,Whirlpool,Refrigerator,https://www.partselect.com/PS11752094-Whirlpool-WPW10289498-Refrigerator-Gallon-Door-Bucket.htm
PS11752096,Refrigerator Glass Shelf WPW10289626,Whirlpool,Refrigerator,https://www.partselect.com/PS11752096-Whirlpool-WPW10289626-Refrigerator-Glass-Shelf.htm
PS11752297,Refrigerator Glass Shelf WPW10296571,Whirlpool,Refrigerator,https://www.partselect.com/PS11752297-Whirlpool-WPW10296571-Refrigerator-Glass-Shelf.htm
PS11752309,Refrigerator Shallow Door Bin WPW10296855,Whirlpool,Refrigerator,https://www.partselect.com/PS11752309-Whirlpool-WPW10296855-Refrigerator-Shallow-Door-Bin.htm
PS11752389,Refrigerator Ice Maker Replacement WPW10300022,Whirlpool,Refrigerator,https://www.partselect.com/PS11752389-Whirlpool-WPW10300022-Refrigerator-Ice-Maker-Replacement.htm
PS11752405,Dishwasher Sump Tab WPW10300599,Whirlpool,Dishwasher,https://www.partselect.com/PS11752405-Whirlpool-WPW10300599-Dishwasher-Sump-Tab.htm
PS11752684,Refrigerator Electronic Control Board WPW10317076,Whirlpool,Refrigerator,https://www.partselect.com/PS11752684-Whirlpool-WPW10317076-Refrigerator-Electronic-Control-Board.htm
PS11752696,Dishwasher Upper Spray Arm WPW10317197,Whirlpool,Dishwasher,https://www.partselect.com/PS11752696-Whirlpool-WPW10317197-Dishwasher-Upper-Spray-Arm.htm
PS11752736,Refrigerator Wire Shelf WPW10318948,Whirlpool,Refrigerator,https://www.partselect.com/PS11752736-Whirlpool-WPW10318948-Refrigerator-Wire-Shelf.htm
PS11752742,Refrigerator Wire Shelf WPW10318961,Whirlpool,Refrigerator,https://www.partselect.com/PS11752742-Whirlpool-WPW10318961-Refrigerator-Wire-Shelf.htm
PS11752756,Dishwasher Lower Spray Arm WPW10320510,Whirlpool,Dishwasher,https://www.partselect.com/PS11752756-Whirlpool-WPW10320510-Dishwasher-Lower-Spray-Arm.htm
PS11752778,Refrigerator Door Shelf Bin WPW10321304,Whirlpool,Refrigerator,https://www.partselect.com/PS11752778-Whirlpool-WPW10321304-Refrigerator-Door-Shelf-Bin.htm
PS11752804,Refrigerator Freezer Drawer WPW10322649,Whirlpool,Refrigerator,https://www.partselect.com/PS11752804-Whirlpool-WPW10322649-Refrigerator-Freezer-Drawer.htm
PS11752830,Dishwasher Dishrack Rail Stop WPW10323189,Whirlpool,Dishwasher,https://www.partselect.com/PS11752830-Whirlpool-WPW10323189-Dishwasher-Dishrack-Rail-Stop.htm
PS11752850,Dishwasher Spray Arm Manifold WPW10323423,Whirlpool,Dishwasher,https://www.partselect.com/PS11752850-Whirlpool-WPW10323423-Dishwasher-Spray-Arm-Manifold.htm
PS11752872,Refrigerator Ice Container WPW10324089,Whirlpool,Refrigerator,https://www.partselect.com/PS11752872-Whirlpool-WPW10324089-Refrigerator-Ice-Container.htm
PS11752873,Refrigerator Ice Bucket And Auger Assembly WPW10324090,Whirlpool,Refrigerator,https://www.partselect.com/PS11752873-Whirlpool-WPW10324090-Refrigerator-Ice-Bucket-And-Auger-Assembly.htm
PS11752885,Refrigerator Door Bin WPW10324760,Whirlpool,Refrigerator,https://www.partselect.com/PS11752885-Whirlpool-WPW10324760-Refrigerator-Door-Bin.htm
PS11752912,Refrigerator Center Rail WPW10326469,Whirlpool,Refrigerator,https://www.partselect.com/PS11752912-Whirlpool-WPW10326469-Refrigerator-Center-Rail.htm
PS11752935,Dishwasher Upper Spray Arm WPW10327455,Whirlpool,Dishwasher,https://www.partselect.com/PS11752935-Whirlpool-WPW10327455-Dishwasher-Upper-Spray-Arm.htm
PS11752954,Dishwasher Pump and Motor Assembly WPW10328226,Whirlpool,Dishwasher,https://www.partselect.com/PS11752954-Whirlpool-WPW10328226-Dishwasher-Pump-and-Motor-Assembly.htm
PS11752991,Refrigerator Door Cam WPW10329686,Whirlpool,"Refrigerator, Freezer",https://www.partselect.com/PS11752991-Whirlpool-WPW10329686-Refrigerator-Door-Cam.htm
PS11752993,Refrigerator Frame WPW10329866,Whirlpool,Refrigerator,https://www.partselect.com/PS11752993-Whirlpool-WPW10329866-Refrigerator-Frame.htm
PS11753050,Dishwasher Electronic Control Board WPW10333391,Whirlpool,Dishwasher,https://www.partselect.com/PS11753050-Whirlpool-WPW10333391-Dishwasher-Electronic-Control-Board.htm
PS11753080,Dishwasher Capacitor WPW10334457,Whirlpool,Dishwasher,https://www.partselect.com/PS11753080-Whirlpool-WPW10334457-Dishwasher-Capacitor.htm
PS11753096,Refrigerator Door Bin WPW10335220,Whirlpool,Refrigerator,https://www.partselect.com/PS11753096-Whirlpool-WPW10335220-Refrigerator-Door-Bin.htm
PS11753222,Dishwasher Spray Arm WPW10340504,Whirlpool,Dishwasher,https://www.partselect.com/PS11753222-Whirlpool-WPW10340504-Dishwasher-Spray-Arm.htm
PS11753226,Dishwasher Spray Arm Manifold WPW10340683,Whirlpool,Dishwasher,https://www.partselect.com/PS11753226-Whirlpool-WPW10340683-Dishwasher-Spray-Arm-Manifold.htm
PS11753379,Dishwasher Drain Pump WPW10348269,Whirlpool,Dishwasher,https://www.partselect.com/PS11753379-Whirlpool-WPW10348269-Dishwasher-Drain-Pump.htm
PS11753381,Refrigerator Cover WPW10348339,Whirlpool,Refrigerator,https://www.partselect.com/PS11753381-Whirlpool-WPW10348339-Refrigerator-Cover.htm
PS11753382,Dishwasher Screw WPW10348407,Whirlpool,Dishwasher,https://www.partselect.com/PS11753382-Whirlpool-WPW10348407-Dishwasher-Screw.htm
PS11753384,Dishwasher Screw WPW10348409,Whirlpool,"Dishwasher, Refrigerator, Range, Microwave",https://www.partselect.com/PS11753384-Whirlpool-WPW10348409-Dishwasher-Screw.htm
PS11753412,Dishwasher Screw WPW10349488,Whirlpool,"Dishwasher, Range",https://www.partselect.com/PS11753412-Whirlpool-WPW10349488-Dishwasher-Screw.htm
PS11753469,Dishwasher Upper Dishrack WPW10350382,Whirlpool,Dishwasher,https://www.partselect.com/PS11753469-Whirlpool-WPW10350382-Dishwasher-Upper-Dishrack.htm
PS11753471,Dishwasher Upper Rack Roller WPW10350401,Whirlpool,Dishwasher,https://www.partselect.com/PS11753471-Whirlpool-WPW10350401-Dishwasher-Upper-Rack-Roller.htm
PS11753563,Dishwasher Electronic Control Board WPW10352582,Whirlpool,Dishwasher,https://www.partselect.com/PS11753563-Whirlpool-WPW10352582-Dishwasher-Electronic-Control-Board.htm
PS11753651,Refrigerator Drip Tray Gray WPW10356019,Whirlpool,Refrigerator,https://www.partselect.com/PS11753651-Whirlpool-WPW10356019-Refrigerator-Drip-Tray-Gray.htm
PS11753710,"Dishwasher Dishrack Adjuster Housing, Left WPW10359552",Whirlpool,Dishwasher,https://www.partselect.com/PS11753710-Whirlpool-WPW10359552-Dishwasher-Dishrack-Adjuster-Housing-Left.htm
PS11753768,Refrigerator Door Bin WPW10364007,Whirlpool,Refrigerator,https://www.partselect.com/PS11753768-Whirlpool-WPW10364007-Refrigerator-Door-Bin.htm
PS11753802,Refrigerator Defrost Control Board WPW10366605,Whirlpool,Refrigerator,https://www.partselect.com/PS11753802-Whirlpool-WPW10366605-Refrigerator-Defrost-Control-Board.htm
PS11753891,Refrigerator Door Shelf Bin WPW10371193,Whirlpool,Refrigerator,https://www.partselect.com/PS11753891-Whirlpool-WPW10371193-Refrigerator-Door-Shelf-Bin.htm
PS11753892,Refrigerator Door Bin WPW10371194,Whirlpool,"Refrigerator, Freezer",https://www.partselect.com/PS11753892-Whirlpool-WPW10371194-Refrigerator-Door-Bin.htm
PS11753893,Refrigerator Cantilever Bin WPW10371195,Whirlpool,Refrigerator,https://www.partselect.com/PS11753893-Whirlpool-WPW10371195-Refrigerator-Cantilever-Bin.htm
PS11753994,Refrigerator Temperature Sensor WPW10383615,Whirlpool,"Refrigerator, Freezer",https://www.partselect.com/PS11753994-Whirlpool-WPW10383615-Refrigerator-Temperature-Sensor.htm
PS11753996,Refrigerator Temperature Sensor WPW10384183,Whirlpool,"Refrigerator, Freezer",https://www.partselect.com/PS11753996-Whirlpool-WPW10384183-Refrigerator-Temperature-Sensor.htm
PS11754211,Refrigerator Grille (White) WPW10397392,Whirlpool,Refrigerator,https://www.partselect.com/PS11754211-Whirlpool-WPW10397392-Refrigerator-Grille-White.htm
PS11754221,Refrigerator User Interface WPW10397955,Whirlpool,Refrigerator,https://www.partselect.com/PS11754221-Whirlpool-WPW10397955-Refrigerator-User-Interface.htm
PS11754261,Dishwasher Wire Harness WPW10401502,Whirlpool,Dishwasher,https://www.partselect.com/PS11754261-Whirlpool-WPW10401502-Dishwasher-Wire-Harness.htm
PS11754317,Dishwasher Door Latch And Switch Assembly WPW10404412,Whirlpool,Dishwasher,https://www.partselect.com/PS11754317-Whirlpool-WPW10404412-Dishwasher-Door-Latch-And-Switch-Assembly.htm
PS11754325,Refrigerator Electronic Control Board WPW10404689,Whirlpool,Refrigerator,https://www.partselect.com/PS11754325-Whirlpool-WPW10404689-Refrigerator-Electronic-Control-Board.htm
PS11754368,"Handle, Refrigerator (Stainless Steel) WPW10409185",Whirlpool,Refrigerator,https://www.partselect.com/PS11754368-Whirlpool-WPW10409185-Handle-Refrigerator-Stainless-Steel.htm
PS11754404,Refrigerator Bin WPW10411219,Whirlpool,Refrigerator,https://www.partselect.com/PS11754404-Whirlpool-WPW10411219-Refrigerator-Bin.htm
PS11754529,Refrigerator Water Inlet Valve Assembly WPW10420083,Whirlpool,Refrigerator,https://www.partselect.com/PS11754529-Whirlpool-WPW10420083-Refrigerator-Water-Inlet-Valve-Assembly.htm
PS11754563,Refrigerator Door Shelf Retainer Bar WPW10421486,Whirlpool,"Refrigerator, Freezer",https://www.partselect.com/PS11754563-Whirlpool-WPW10421486-Refrigerator-Door-Shelf-Retainer-Bar.htm
PS11754645,Dishwasher Detergent Dispenser Assembly WPW10428213,Whirlpool,Dishwasher,https://www.partselect.com/PS11754645-Whirlpool-WPW10428213-Dishwasher-Detergent-Dispenser-Assembly.htm
PS11754711,Refrigerator Door Gasket - Black WPW10436245,Whirlpool,Refrigerator,https://www.partselect.com/PS11754711-Whirlpool-WPW10436245-Refrigerator-Door-Gasket-Black.htm
PS11754806,Refrigerator Door Gasket WPW10443311,Whirlpool,Refrigerator,https://www.partselect.com/PS11754806-Whirlpool-WPW10443311-Refrigerator-Door-Gasket.htm
PS11754831,Refrigerator Tubing Connector WPW10445062,Whirlpool,,https://www.partselect.com/PS11754831-Whirlpool-WPW10445062-Refrigerator-Tubing-Connector.htm
PS11754835,Refrigerator Ice Maker Assembly WPW10445782,Whirlpool,Refrigerator,https://www.partselect.com/PS11754835-Whirlpool-WPW10445782-Refrigerator-Ice-Maker-Assembly.htm
PS11754947,Refrigerator Door Bin WPW10451500,Whirlpool,Refrigerator,https://www.partselect.com/PS11754947-Whirlpool-WPW10451500-Refrigerator-Door-Bin.htm
PS11754957,Refrigerator Door Bin WPW10451873,Whirlpool,Refrigerator,https://www.partselect.com/PS11754957-Whirlpool-WPW10451873-Refrigerator-Door-Bin.htm
PS11754961,Refrigerator Evaporator Fan Motor Assembly WPW10451893,Whirlpool,Refrigerator,https://www.partselect.com/PS11754961-Whirlpool-WPW10451893-Refrigerator-Evaporator-Fan-Motor-Assembly.htm
PS11755056,Dishwasher Control Panel And Touchpad (Black) WPW10459139,Whirlpool,Dishwasher,https://www.partselect.com/PS11755056-Whirlpool-WPW10459139-Dishwasher-Control-Panel-And-Touchpad-Black.htm
PS11755137,Refrigerator Drawer Cover WPW10463648,Whirlpool,Refrigerator,https://www.partselect.com/PS11755137-Whirlpool-WPW10463648-Refrigerator-Drawer-Cover.htm
PS11755252,Refrigerator Track WPW10468555,Whirlpool,Refrigerator,https://www.partselect.com/PS11755252-Whirlpool-WPW10468555-Refrigerator-Track.htm
PS11755253,Refrigerator Track WPW10468556,Whirlpool,Refrigerator,https://www.partselect.com/PS11755253-Whirlpool-WPW10468556-Refrigerator-Track.htm
PS11755285,Refrigerator Door Cam WPW10470155,Whirlpool,Refrigerator,https://www.partselect.com/PS11755285-Whirlpool-WPW10470155-Refrigerator-Door-Cam.htm
PS11755470,Dishwasher Small Items Basket WPW10482109,Whirlpool,Dishwasher,https://www.partselect.com/PS11755470-Whirlpool-WPW10482109-Dishwasher-Small-Items-Basket.htm
PS11755592,Dishwasher Lower Spray Arm WPW10491331,Whirlpool,Dishwasher,https://www.partselect.com/PS11755592-Whirlpool-WPW10491331-Dishwasher-Lower-Spray-Arm.htm
PS11755624,Refrigerator Door Shelf Frame WPW10494333,Whirlpool,Refrigerator,https://www.partselect.com/PS11755624-Whirlpool-WPW10494333-Refrigerator-Door-Shelf-Frame.htm
PS11755651,Dishwasher Seal WPW10497235,Whirlpool,Dishwasher,https://www.partselect.com/PS11755651-Whirlpool-WPW10497235-Dishwasher-Seal.htm
PS11755656,Refrigerator Deli Drawer WPW10497908,Whirlpool,Refrigerator,https://www.partselect.com/PS11755656-Whirlpool-WPW10497908-Refrigerator-Deli-Drawer.htm
PS11755657,Refrigerator Crisper Drawer WPW10497909,Whirlpool,Refrigerator,https://www.partselect.com/PS11755657-Whirlpool-WPW10497909-Refrigerator-Crisper-Drawer.htm
PS11755662,Refrigerator Door Handle WPW10498429,Whirlpool,Refrigerator,https://www.partselect.com/PS11755662-Whirlpool-WPW10498429-Refrigerator-Door-Handle.htm
PS11755663,Refrigerator Door Handle (Black) WPW10498430,Whirlpool,Refrigerator,https://www.partselect.com/PS11755663-Whirlpool-WPW10498430-Refrigerator-Door-Handle-Black.htm
PS11755700,Dishwasher Control Panel (Black) WPW10500176,Whirlpool,Dishwasher,https://www.partselect.com/PS11755700-Whirlpool-WPW10500176-Dishwasher-Control-Panel-Black.htm
PS11755733,Refrigerator Electronic Control Board WPW10503278,Whirlpool,Refrigerator,https://www.partselect.com/PS11755733-Whirlpool-WPW10503278-Refrigerator-Electronic-Control-Board.htm
PS11755736,Dishwasher Retainer Clip WPW10503548,Whirlpool,Dishwasher,https://www.partselect.com/PS11755736-Whirlpool-WPW10503548-Dishwasher-Retainer-Clip.htm
PS11755737,Dishwasher Retainer Clip WPW10503549,Whirlpool,Dishwasher,https://www.partselect.com/PS11755737-Whirlpool-WPW10503549-Dishwasher-Retainer-Clip.htm
PS11755738,Dishwasher Retainer Clip WPW10503550,Whirlpool,Dishwasher,https://www.partselect.com/PS11755738-Whirlpool-WPW10503550-Dishwasher-Retainer-Clip.htm
PS11755768,Dishwasher Dishrack Roller WPW10505748,Whirlpool,Dishwasher,https://www.partselect.com/PS11755768-Whirlpool-WPW10505748-Dishwasher-Dishrack-Roller.htm
PS11755769,Dishwasher Dishrack Roller WPW10505751,Whirlpool,Dishwasher,https://www.partselect.com/PS11755769-Whirlpool-WPW10505751-Dishwasher-Dishrack-Roller.htm
PS11755787,Refrigerator Crisper Drawer Cover WPW10508334,Whirlpool,Refrigerator,https://www.partselect.com/PS11755787-Whirlpool-WPW10508334-Refrigerator-Crisper-Drawer-Cover.htm
PS11755809,Dishwasher Door Gasket - Gray WPW10509257,Whirlpool,Dishwasher,https://www.partselect.com/PS11755809-Whirlpool-WPW10509257-Dishwasher-Door-Gasket-Gray.htm
PS11755925,Refrigerator Hinge Center Assembly.Rs WPW10521409,Whirlpool,Refrigerator,https://www.partselect.com/PS11755925-Whirlpool-WPW10521409-Refrigerator-Hinge-Center-Assembly-Rs.htm
PS11755937,Dishwasher Rinse-Aid Dispenser Cap WPW10524911,Whirlpool,Dishwasher,https://www.partselect.com/PS11755937-Whirlpool-WPW10524911-Dishwasher-Rinse-Aid-Dispenser-Cap.htm
PS11755939,Dishwasher Rinse Aid Cap WPW10524920,Whirlpool,Dishwasher,https://www.partselect.com/PS11755939-Whirlpool-WPW10524920-Dishwasher-Rinse-Aid-Cap.htm
PS11755940,Dishwasher Rinse-Aid Dispenser Cap WPW10524921,Whirlpool,Dishwasher,https://www.partselect.com/PS11755940-Whirlpool-WPW10524921-Dishwasher-Rinse-Aid-Dispenser-Cap.htm
PS11756017,Refrigerator Crisper Drawer WPW10531079,Whirlpool,Refrigerator,https://www.partselect.com/PS11756017-Whirlpool-WPW10531079-Refrigerator-Crisper-Drawer.htm
PS11756018,Refrigerator Meat Pan WPW10531080,Whirlpool,Refrigerator,https://www.partselect.com/PS11756018-Whirlpool-WPW10531080-Refrigerator-Meat-Pan.htm
PS11756019,Refrigerator Crisper Drawer WPW10531081,Whirlpool,Refrigerator,https://www.partselect.com/PS11756019-Whirlpool-WPW10531081-Refrigerator-Crisper-Drawer.htm
PS11756031,Dishwasher Drain Pump WPW10531320,Whirlpool,Dishwasher,https://www.partselect.com/PS11756031-Whirlpool-WPW10531320-Dishwasher-Drain-Pump.htm
PS11756051,Refrigerator Kickplate Grille (Black) WPW10534153,Whirlpool,Refrigerator,https://www.partselect.com/PS11756051-Whirlpool-WPW10534153-Refrigerator-Kickplate-Grille-Black.htm
PS11756052,Refrigerator Kickplate Grille (White) WPW10534154,Whirlpool,Refrigerator,https://www.partselect.com/PS11756052-Whirlpool-WPW10534154-Refrigerator-Kickplate-Grille-White.htm
PS11756053,Refrigerator Kickplate Grille (Apollo Gray) WPW10534155,Whirlpool,Refrigerator,https://www.partselect.com/PS11756053-Whirlpool-WPW10534155-Refrigerator-Kickplate-Grille-Apollo-Gray.htm
PS11756055,Refrigerator Toe Kick Plate (White) WPW10534161,Whirlpool,"Refrigerator, Freezer",https://www.partselect.com/PS11756055-Whirlpool-WPW10534161-Refrigerator-Toe-Kick-Plate-White.htm
PS11756056,Refrigerator Kickplate Grille WPW10534162,Whirlpool,Refrigerator,https://www.partselect.com/PS11756056-Whirlpool-WPW10534162-Refrigerator-Kickplate-Grille.htm
PS11756098,Dishwasher Grommet WPW10538166,Whirlpool,Dishwasher,https://www.partselect.com/PS11756098-Whirlpool-WPW10538166-Dishwasher-Grommet.htm
PS11756117,Refrigerator Snack Pan WPW10542030,Whirlpool,Refrigerator,https://www.partselect.com/PS11756117-Whirlpool-WPW10542030-Refrigerator-Snack-Pan.htm
PS11756139,Dishwasher Drain Hose WPW10545278,Whirlpool,Dishwasher,https://www.partselect.com/PS11756139-Whirlpool-WPW10545278-Dishwasher-Drain-Hose.htm
PS11756150,Dishwasher Upper Rack Adjuster WPW10546503,Whirlpool,Dishwasher,https://www.partselect.com/PS11756150-Whirlpool-WPW10546503-Dishwasher-Upper-Rack-Adjuster.htm
PS11756322,Dishwasher Door Outer Panel WPW10562146,Whirlpool,Dishwasher,https://www.partselect.com/PS11756322-Whirlpool-WPW10562146-Dishwasher-Door-Outer-Panel.htm
PS11756369,Refrigerator Thermostat Mech Foshan Vl 141516 Tfa WPW10567140,Whirlpool,Refrigerator,https://www.partselect.com/PS11756369-Whirlpool-WPW10567140-Refrigerator-Thermostat-Mech-Foshan-Vl-141516-Tfa.htm
PS11756423,Refrigerator Crisper Frame WPW10568041,Whirlpool,Refrigerator,https://www.partselect.com/PS11756423-Whirlpool-WPW10568041-Refrigerator-Crisper-Frame.htm
PS11756472,Dishwasher Manifold WPW10571949,Whirlpool,Dishwasher,https://www.partselect.com/PS11756472-Whirlpool-WPW10571949-Dishwasher-Manifold.htm
PS11756507,Refrigerator Dispenser Ice Chute Door and Motor Assembly WPW10577864,Whirlpool,Refrigerator,https://www.partselect.com/PS11756507-Whirlpool-WPW10577864-Refrigerator-Dispenser-Ice-Chute-Door-and-Motor-Assembly.htm
PS11756615,Dishwasher Pump and Motor Assembly WPW10591570,Whirlpool,Dishwasher,https://www.partselect.com/PS11756615-Whirlpool-WPW10591570-Dishwasher-Pump-and-Motor-Assembly.htm
PS11756641,Refrigerator Air Damper Control Assembly WPW10594329,Whirlpool,Refrigerator,https://www.partselect.com/PS11756641-Whirlpool-WPW10594329-Refrigerator-Air-Damper-Control-Assembly.htm
PS11756642,Refrigerator Air Damper Assembly WPW10594330,Whirlpool,Refrigerator,https://www.partselect.com/PS11756642-Whirlpool-WPW10594330-Refrigerator-Air-Damper-Assembly.htm
PS11756692,Dishwasher Pump and Motor Assembly WPW10605057,Whirlpool,Dishwasher,https://www.partselect.com/PS11756692-Whirlpool-WPW10605057-Dishwasher-Pump-and-Motor-Assembly.htm
PS11756720,"Dishwasher Dishrack Adjuster, Right side WPW10609578",Whirlpool,Dishwasher,https://www.partselect.com/PS11756720-Whirlpool-WPW10609578-Dishwasher-Dishrack-Adjuster-Right-side.htm
PS11756831,Dishwasher Rack Adjuster WPW10627763,Whirlpool,Dishwasher,https://www.partselect.com/PS11756831-Whirlpool-WPW10627763-Dishwasher-Rack-Adjuster.htm
PS11756890,Dishwasher Partsmisc WPW10637074,Whirlpool,Dishwasher,https://www.partselect.com/PS11756890-Whirlpool-WPW10637074-Dishwasher-Partsmisc.htm
PS11757021,Refrigerator Screw WPW10661886,Whirlpool,"Refrigerator, Dryer, Freezer",https://www.partselect.com/PS11757021-Whirlpool-WPW10661886-Refrigerator-Screw.htm
PS11757023,Refrigerator Capacitor WPW10662129,Whirlpool,"Refrigerator, Freezer",https://www.partselect.com/PS11757023-Whirlpool-WPW10662129-Refrigerator-Capacitor.htm
PS11757044,Refrigerator Ice Bucket WPW10670845,Whirlpool,Refrigerator,https://www.partselect.com/PS11757044-Whirlpool-WPW10670845-Refrigerator-Ice-Bucket.htm
PS11757048,Refrigerator Center Crisper Drawer Slide Rail - White WPW10671238,Whirlpool,Refrigerator,https://www.partselect.com/PS11757048-Whirlpool-WPW10671238-Refrigerator-Center-Crisper-Drawer-Slide-Rail-White.htm
PS11757056,Dishwasher Sump and Motor Assembly WPW10671941,Whirlpool,Dishwasher,https://www.partselect.com/PS11757056-Whirlpool-WPW10671941-Dishwasher-Sump-and-Motor-Assembly.htm
PS11757057,Dishwasher Sump and Motor Assembly WPW10671942,Whirlpool,Dishwasher,https://www.partselect.com/PS11757057-Whirlpool-WPW10671942-Dishwasher-Sump-and-Motor-Assembly.htm
PS11757139,Refrigerator Front pan WPW10688114,Whirlpool,Refrigerator,https://www.partselect.com/PS11757139-Whirlpool-WPW10688114-Refrigerator-Front-pan.htm
PS11757214,Dishwasher Turbidity Sensor WPW10705575,Whirlpool,Dishwasher,https://www.partselect.com/PS11757214-Whirlpool-WPW10705575-Dishwasher-Turbidity-Sensor.htm
PS11757388,Dishwasher Circulation Pump And Motor WPW10757217,Whirlpool,Dishwasher,https://www.partselect.com/PS11757388-Whirlpool-WPW10757217-Dishwasher-Circulation-Pump-And-Motor.htm
PS11757411,Dishwasher Sump And Motor Assembly WPW10780877,Whirlpool,Dishwasher,https://www.partselect.com/PS11757411-Whirlpool-WPW10780877-Dishwasher-Sump-And-Motor-Assembly.htm
PS11757599,Dishwasher Screw WPY912620,Whirlpool,Dishwasher,https://www.partselect.com/PS11757599-Whirlpool-WPY912620-Dishwasher-Screw.htm
PS11757717,Refrigerator Drain Pan 216994102,Frigidaire,Freezer,https://www.partselect.com/PS11757717-Frigidaire-216994102-Refrigerator-Drain-Pan.htm
PS11757759,Refrigerator Lower Hinge 297302513,Frigidaire,Freezer,https://www.partselect.com/PS11757759-Frigidaire-297302513-Refrigerator-Lower-Hinge.htm
PS11758468,Refrigerator Crisper Drawer Cover Frame ACQ86594201,LG,Refrigerator,https://www.partselect.com/PS11758468-LG-ACQ86594201-Refrigerator-Crisper-Drawer-Cover-Frame.htm
PS11758619,Refrigerator Auger Motor Assembly DA97-12540G,Samsung,Refrigerator,https://www.partselect.com/PS11758619-Samsung-DA97-12540G-Refrigerator-Auger-Motor-Assembly.htm
PS11758621,Refrigerator Assembly CASE AUGER MOTOR DA97-12540K,Samsung,Refrigerator,https://www.partselect.com/PS11758621-Samsung-DA97-12540K-Refrigerator-Assembly-CASE-AUGER-MOTOR.htm
PS11758663,Refrigerator Door Flipper Assembly DA97-16749B,Samsung,Refrigerator,https://www.partselect.com/PS11758663-Samsung-DA97-16749B-Refrigerator-Door-Flipper-Assembly.htm
PS11759186,Refrigerator Crisper Drawer WR32X26218,GE,Refrigerator,https://www.partselect.com/PS11759186-GE-WR32X26218-Refrigerator-Crisper-Drawer.htm
PS11759511,"Refrigerator Door Gasket, Left (Black) W10830052",Whirlpool,Refrigerator,https://www.partselect.com/PS11759511-Whirlpool-W10830052-Refrigerator-Door-Gasket-Left-Black.htm
PS11759512,Gray Refrigerator Door Gasket W10830055,Whirlpool,Refrigerator,https://www.partselect.com/PS11759512-Whirlpool-W10830055-Gray-Refrigerator-Door-Gasket.htm
PS11759516,Refrigerator Door Gasket - White W10830189,Whirlpool,Refrigerator,https://www.partselect.com/PS11759516-Whirlpool-W10830189-Refrigerator-Door-Gasket-White.htm
PS11759622,Dishwasher Electronic Control Board W10866118,Whirlpool,Dishwasher,https://www.partselect.com/PS11759622-Whirlpool-W10866118-Dishwasher-Electronic-Control-Board.htm
PS11759673,Dishwasher Filter W10872845,Whirlpool,Dishwasher,https://www.partselect.com/PS11759673-Whirlpool-W10872845-Dishwasher-Filter.htm
PS11760275,Refrigerator Dispenser Cover Assembly ACQ85430286,LG,Refrigerator,https://www.partselect.com/PS11760275-LG-ACQ85430286-Refrigerator-Dispenser-Cover-Assembly.htm
PS11760302,Refrigerator Dispenser Cover Assembly ACQ87270806,LG,Refrigerator,https://www.partselect.com/PS11760302-LG-ACQ87270806-Refrigerator-Dispenser-Cover-Assembly.htm
PS11760658,Dishwasher Drain Hose AEM69493808,LG,Dishwasher,https://www.partselect.com/PS11760658-LG-AEM69493808-Dishwasher-Drain-Hose.htm
PS11761172,Refrigerator Magnetic Door Switch - Sold Individually EBF62234501,LG,Refrigerator,https://www.partselect.com/PS11761172-LG-EBF62234501-Refrigerator-Magnetic-Door-Switch-Sold-Individually.htm
PS11762943,Dishwasher Funnel Fill WD12X22722,GE,Dishwasher,https://www.partselect.com/PS11762943-GE-WD12X22722-Dishwasher-Funnel-Fill.htm
PS11763852,Refrigerator Door Gasket WR14X22172,GE,Refrigerator,https://www.partselect.com/PS11763852-GE-WR14X22172-Refrigerator-Door-Gasket.htm
PS11764014,Refrigerator Power Control Board WR55X23240,GE,Refrigerator,https://www.partselect.com/PS11764014-GE-WR55X23240-Refrigerator-Power-Control-Board.htm
PS11764100,Refrigerator Slide-Out Shelf WR71X24967,GE,Refrigerator,https://www.partselect.com/PS11764100-GE-WR71X24967-Refrigerator-Slide-Out-Shelf.htm
PS11765163,Dishwasher Brace W10850371,Whirlpool,Dishwasher,https://www.partselect.com/PS11765163-Whirlpool-W10850371-Dishwasher-Brace.htm
PS11765620,Refrigerator Ice Maker Assembly W10884390,Whirlpool,Refrigerator,https://www.partselect.com/PS11765620-Whirlpool-W10884390-Refrigerator-Ice-Maker-Assembly.htm
PS11765780,Dishwasher Pump Motor W10894668,Whirlpool,Dishwasher,https://www.partselect.com/PS11765780-Whirlpool-W10894668-Dishwasher-Pump-Motor.htm
PS11766245,Refrigerator Freezer Gasket 5304505782,Frigidaire,"Refrigerator, Freezer",https://www.partselect.com/PS11766245-Frigidaire-5304505782-Refrigerator-Freezer-Gasket.htm
PS11766739,Refrigerator Closer W10904595,Whirlpool,Refrigerator,https://www.partselect.com/PS11766739-Whirlpool-W10904595-Refrigerator-Closer.htm
PS11766745,Dishwasher Pump Motor W10907617,Whirlpool,Dishwasher,https://www.partselect.com/PS11766745-Whirlpool-W10907617-Dishwasher-Pump-Motor.htm
PS11766752,Refrigerator Dispenser Drip Tray W10909034,Whirlpool,Refrigerator,https://www.partselect.com/PS11766752-Whirlpool-W10909034-Refrigerator-Dispenser-Drip-Tray.htm
PS11766772,Refrigerator Condenser Fan Motor Kit 5303918774,Frigidaire,"Refrigerator, Freezer",https://www.partselect.com/PS11766772-Frigidaire-5303918774-Refrigerator-Condenser-Fan-Motor-Kit.htm
PS11766955,Dishwasher Gasket Sump Manifold WD08X22758,GE,Dishwasher,https://www.partselect.com/PS11766955-GE-WD08X22758-Dishwasher-Gasket-Sump-Manifold.htm
PS11767849,Refrigerator Fresh Food Door Gasket WR13X22760,GE,Refrigerator,https://www.partselect.com/PS11767849-GE-WR13X22760-Refrigerator-Fresh-Food-Door-Gasket.htm
PS11767901,Refrigerator Cover Middle Pan WR32X26245,GE,Refrigerator,https://www.partselect.com/PS11767901-GE-WR32X26245-Refrigerator-Cover-Middle-Pan.htm
PS11768659,Refrigerator Door Gasket - Black W10830277,Whirlpool,Refrigerator,https://www.partselect.com/PS11768659-Whirlpool-W10830277-Refrigerator-Door-Gasket-Black.htm
PS11769628,Dishwasher Electric Control Board W10906422,Whirlpool,Dishwasher,https://www.partselect.com/PS11769628-Whirlpool-W10906422-Dishwasher-Electric-Control-Board.htm
PS11770115,Dishwasher Clip W10919676,Whirlpool,Dishwasher,https://www.partselect.com/PS11770115-Whirlpool-W10919676-Dishwasher-Clip.htm
PS11770259,Door Shelf Bin -  Refrigerator W11026416,Whirlpool,Refrigerator,https://www.partselect.com/PS11770259-Whirlpool-W11026416-Door-Shelf-Bin-Refrigerator.htm
PS11770260,Refrigerator Air Damper Control Knob W11026417,Whirlpool,Refrigerator,https://www.partselect.com/PS11770260-Whirlpool-W11026417-Refrigerator-Air-Damper-Control-Knob.htm
PS11770271,Dishwasher Heater Support Bracket W11027055,Whirlpool,Dishwasher,https://www.partselect.com/PS11770271-Whirlpool-W11027055-Dishwasher-Heater-Support-Bracket.htm
PS11770295,Dishwasher Wire Harness W11028004,Whirlpool,Dishwasher,https://www.partselect.com/PS11770295-Whirlpool-W11028004-Dishwasher-Wire-Harness.htm
PS11770308,Refrigerator Fan Motor Support W11028224,Whirlpool,Refrigerator,https://www.partselect.com/PS11770308-Whirlpool-W11028224-Refrigerator-Fan-Motor-Support.htm
PS11770355,Dishwasher User Interface W11036550,Whirlpool,Dishwasher,https://www.partselect.com/PS11770355-Whirlpool-W11036550-Dishwasher-User-Interface.htm
PS11770473,Refrigerator Handle set (2 pieces) -  White 5304506469,Frigidaire,Refrigerator,https://www.partselect.com/PS11770473-Frigidaire-5304506469-Refrigerator-Handle-set-2-pieces-White.htm
PS11770474,Refrigerator Door Handle - Bisque 5304506470,Frigidaire,Refrigerator,https://www.partselect.com/PS11770474-Frigidaire-5304506470-Refrigerator-Door-Handle-Bisque.htm
PS11770475,Refrigerator Door Handle Set (2 pieces) - Black 5304506471,Frigidaire,Refrigerator,https://www.partselect.com/PS11770475-Frigidaire-5304506471-Refrigerator-Door-Handle-Set-2-pieces-Black.htm
PS11770489,Dishwasher Filter 5304506525,Frigidaire,Dishwasher,https://www.partselect.com/PS11770489-Frigidaire-5304506525-Dishwasher-Filter.htm
PS11770644,Refrigerator Door Gasket 5304507200,Frigidaire,"Freezer, Refrigerator",https://www.partselect.com/PS11770644-Frigidaire-5304507200-Refrigerator-Door-Gasket.htm
PS11772016,Dishwasher Control Panel Insert WD34X22872,GE,Dishwasher,https://www.partselect.com/PS11772016-GE-WD34X22872-Dishwasher-Control-Panel-Insert.htm
PS11773088,Dishwasher Detergent Dispenser W11032769,Whirlpool,"Dishwasher, Washer Dryer Combo",https://www.partselect.com/PS11773088-Whirlpool-W11032769-Dishwasher-Detergent-Dispenser.htm
PS11773414,Refrigerator Ice Container Assembly DA97-14504C,Samsung,Refrigerator,https://www.partselect.com/PS11773414-Samsung-DA97-14504C-Refrigerator-Ice-Container-Assembly.htm
PS11773429,Dishwasher Control Panel DD81-02103A,Samsung,Dishwasher,https://www.partselect.com/PS11773429-Samsung-DD81-02103A-Dishwasher-Control-Panel.htm
PS11774412,Dishwasher Tub Gasket WD08X23476,GE,Dishwasher,https://www.partselect.com/PS11774412-GE-WD08X23476-Dishwasher-Tub-Gasket.htm
PS11774649,Refrigerator Fresh Food Door Gasket WR14X27237,GE,Refrigerator,https://www.partselect.com/PS11774649-GE-WR14X27237-Refrigerator-Fresh-Food-Door-Gasket.htm
PS12069093,Refrigerator Freezer Door Gasket WR14X27230,GE,Refrigerator,https://www.partselect.com/PS12069093-GE-WR14X27230-Refrigerator-Freezer-Door-Gasket.htm
PS12069095,Refrigerator Door Gasket WR14X27233,GE,Refrigerator,https://www.partselect.com/PS12069095-GE-WR14X27233-Refrigerator-Door-Gasket.htm
PS12070274,Refrigerator Ice Maker W10916040,Whirlpool,Refrigerator,https://www.partselect.com/PS12070274-Whirlpool-W10916040-Refrigerator-Ice-Maker.htm
PS12070986,Refrigerator Door 242185668,Frigidaire,Refrigerator,https://www.partselect.com/PS12070986-Frigidaire-242185668-Refrigerator-Door.htm
PS12070988,"Refrigerator Door Assembly Right Side, Stainless 242185670",Frigidaire,Refrigerator,https://www.partselect.com/PS12070988-Frigidaire-242185670-Refrigerator-Door-Assembly-Right-Side-Stainless.htm
PS12071116,Refrigerator Roller 5304508016,Frigidaire,Refrigerator,https://www.partselect.com/PS12071116-Frigidaire-5304508016-Refrigerator-Roller.htm
PS12071123,Refrigerator Crisper Drawer Cover Support - Right Side 5304508033,Frigidaire,Refrigerator,https://www.partselect.com/PS12071123-Frigidaire-5304508033-Refrigerator-Crisper-Drawer-Cover-Support-Right-Side.htm
PS12071124,Refrigerator Crisper Drawer Cover Support - Left Side 5304508034,Frigidaire,Refrigerator,https://www.partselect.com/PS12071124-Frigidaire-5304508034-Refrigerator-Crisper-Drawer-Cover-Support-Left-Side.htm
PS12071129,Refrigerator Crisper Drawer Cover 5304508067,Frigidaire,Refrigerator,https://www.partselect.com/PS12071129-Frigidaire-5304508067-Refrigerator-Crisper-Drawer-Cover.htm
PS12071178,Refrigerator Drawer Cover - With Glass 5304508761,Frigidaire,Refrigerator,https://www.partselect.com/PS12071178-Frigidaire-5304508761-Refrigerator-Drawer-Cover-With-Glass.htm
PS12071234,Dishwasher Dispenser 5304509278,Frigidaire,Dishwasher,https://www.partselect.com/PS12071234-Frigidaire-5304509278-Dishwasher-Dispenser.htm
PS12071530,Dishwasher Drain Filter A00201409,Frigidaire,Dishwasher,https://www.partselect.com/PS12071530-Frigidaire-A00201409-Dishwasher-Drain-Filter.htm
PS12071552,Dishwasher Rack Assembly A06629603,Frigidaire,Dishwasher,https://www.partselect.com/PS12071552-Frigidaire-A06629603-Dishwasher-Rack-Assembly.htm
PS12072621,Refrigerator Ice Maker Cover DA97-06568D,Samsung,Refrigerator,https://www.partselect.com/PS12072621-Samsung-DA97-06568D-Refrigerator-Ice-Maker-Cover.htm
PS12074522,Dishwasher Panel W11085691,Whirlpool,Dishwasher,https://www.partselect.com/PS12074522-Whirlpool-W11085691-Dishwasher-Panel.htm
PS12074533,Dishwasher Pump and Motor Assembly W11087376,Whirlpool,Dishwasher,https://www.partselect.com/PS12074533-Whirlpool-W11087376-Dishwasher-Pump-and-Motor-Assembly.htm
PS12074743,Refrigerator Dispenser Drip Tray W11106297,Whirlpool,Refrigerator,https://www.partselect.com/PS12074743-Whirlpool-W11106297-Refrigerator-Dispenser-Drip-Tray.htm
PS12075858,Dishwasher Roller Assembly 4581DD3003C,LG,Dishwasher,https://www.partselect.com/PS12075858-LG-4581DD3003C-Dishwasher-Roller-Assembly.htm
PS12077026,Refrigerator Crisper Drawer Cover Frame ACQ85428622,LG,Refrigerator,https://www.partselect.com/PS12077026-LG-ACQ85428622-Refrigerator-Crisper-Drawer-Cover-Frame.htm
PS12077714,"DOOR FOAM ASSEMBLY,REFRIGERATOR ADD73955915",LG,Refrigerator,https://www.partselect.com/PS12077714-LG-ADD73955915-DOOR-FOAM-ASSEMBLY-REFRIGERATOR.htm
PS12077796,"DOOR FOAM ASSEMBLY,REFRIGERATOR ADD74296905",LG,Refrigerator,https://www.partselect.com/PS12077796-LG-ADD74296905-DOOR-FOAM-ASSEMBLY-REFRIGERATOR.htm
PS12078004,Refrigerator Water Filter Housing Assembly ADQ73913308,LG,Refrigerator,https://www.partselect.com/PS12078004-LG-ADQ73913308-Refrigerator-Water-Filter-Housing-Assembly.htm
PS12078993,"SHELF ASSEMBLY,REFRIGERATOR AHT73233932",LG,Refrigerator,https://www.partselect.com/PS12078993-LG-AHT73233932-SHELF-ASSEMBLY-REFRIGERATOR.htm
PS12079035,Refrigerator Shelf Assembly AHT73595401,LG,Refrigerator,https://www.partselect.com/PS12079035-LG-AHT73595401-Refrigerator-Shelf-Assembly.htm
PS12081829,Dishwasher Holder MEG64438801,LG,Dishwasher,https://www.partselect.com/PS12081829-LG-MEG64438801-Dishwasher-Holder.htm
PS12081830,Dishwasher Holder MEG64438901,LG,Dishwasher,https://www.partselect.com/PS12081830-LG-MEG64438901-Dishwasher-Holder.htm
PS12082571,Refrigerator Door Bin DA63-08646A,Samsung,Refrigerator,https://www.partselect.com/PS12082571-Samsung-DA63-08646A-Refrigerator-Door-Bin.htm
PS12083066,Refrigerator Electronic Control Board DA94-03757A,Samsung,Refrigerator,https://www.partselect.com/PS12083066-Samsung-DA94-03757A-Refrigerator-Electronic-Control-Board.htm
PS12083525,Refrigerator Water Reservoir DA97-17395A,Samsung,Refrigerator,https://www.partselect.com/PS12083525-Samsung-DA97-17395A-Refrigerator-Water-Reservoir.htm
PS12085478,Dishwasher Fan Motor DD31-00024A,Samsung,Dishwasher,https://www.partselect.com/PS12085478-Samsung-DD31-00024A-Dishwasher-Fan-Motor.htm
PS12085556,Dishwasher Shaft Rod Adjustment Foot DD81-01992A,Samsung,Dishwasher,https://www.partselect.com/PS12085556-Samsung-DD81-01992A-Dishwasher-Shaft-Rod-Adjustment-Foot.htm
PS12085656,Dishwasher Control Panel DD81-02323A,Samsung,Dishwasher,https://www.partselect.com/PS12085656-Samsung-DD81-02323A-Dishwasher-Control-Panel.htm
PS12085661,Dishwasher Drain Hose DD81-02331A,Samsung,Dishwasher,https://www.partselect.com/PS12085661-Samsung-DD81-02331A-Dishwasher-Drain-Hose.htm
PS12085666,Dishwasher Nozzle Assembly DD82-01309A,Samsung,Dishwasher,https://www.partselect.com/PS12085666-Samsung-DD82-01309A-Dishwasher-Nozzle-Assembly.htm
PS12085667,Dishwasher Duct Nozzle Assembly DD82-01311A,Samsung,Dishwasher,https://www.partselect.com/PS12085667-Samsung-DD82-01311A-Dishwasher-Duct-Nozzle-Assembly.htm
PS12085704,Dishwasher Installation Kit DD82-01433A,Samsung,Dishwasher,https://www.partselect.com/PS12085704-Samsung-DD82-01433A-Dishwasher-Installation-Kit.htm
PS12085735,Dishwasher WaterWall Spray Arm Assembly DD97-00484A,Samsung,Dishwasher,https://www.partselect.com/PS12085735-Samsung-DD97-00484A-Dishwasher-WaterWall-Spray-Arm-Assembly.htm
PS12113191,Dishwasher Circulation Pump Assembly WD49X23781,GE,Dishwasher,https://www.partselect.com/PS12113191-GE-WD49X23781-Dishwasher-Circulation-Pump-Assembly.htm
PS12113192,Dishwasher Circulation Pump and Drain Kit WD49X23782,GE,Dishwasher,https://www.partselect.com/PS12113192-GE-WD49X23782-Dishwasher-Circulation-Pump-and-Drain-Kit.htm
PS12113833,Affresh Dishwasher Cleaner - 1 tablet W10921674,Whirlpool,,https://www.partselect.com/PS12113833-Whirlpool-W10921674-Affresh-Dishwasher-Cleaner-1-tablet.htm
PS12114323,Refrigerator Leveler W11117769,Whirlpool,"Refrigerator, Range, Dryer, Freezer",https://www.partselect.com/PS12114323-Whirlpool-W11117769-Refrigerator-Leveler.htm
PS12114432,Dishwasher Cupshelf W11125975,Whirlpool,Dishwasher,https://www.partselect.com/PS12114432-Whirlpool-W11125975-Dishwasher-Cupshelf.htm
PS12114435,Dishwasher Insulation Pad W11126003,Whirlpool,Dishwasher,https://www.partselect.com/PS12114435-Whirlpool-W11126003-Dishwasher-Insulation-Pad.htm
PS12114451,Refrigerator Door Trim W11126055,Whirlpool,Refrigerator,https://www.partselect.com/PS12114451-Whirlpool-W11126055-Refrigerator-Door-Trim.htm
PS12114487,Refrigerator Ice Container Assembly W11129522,Whirlpool,Refrigerator,https://www.partselect.com/PS12114487-Whirlpool-W11129522-Refrigerator-Ice-Container-Assembly.htm
PS12114493,Refrigerator Toe Grille W11129933,Whirlpool,Refrigerator,https://www.partselect.com/PS12114493-Whirlpool-W11129933-Refrigerator-Toe-Grille.htm
PS12114867,"HANDLE ASSEMBLY,REFRIGERATOR AED73593240",LG,Refrigerator,https://www.partselect.com/PS12114867-LG-AED73593240-HANDLE-ASSEMBLY-REFRIGERATOR.htm
PS12114868,Refrigerator Handle Assembly AED73593241,LG,Refrigerator,https://www.partselect.com/PS12114868-LG-AED73593241-Refrigerator-Handle-Assembly.htm
PS12170879,DISHWASHER TUB FRONT SPACER WD01X23558,GE,Dishwasher,https://www.partselect.com/PS12170879-GE-WD01X23558-DISHWASHER-TUB-FRONT-SPACER.htm
PS12171006,Dishwasher Circulation Pump Assembly WD49X23778,GE,Dishwasher,https://www.partselect.com/PS12171006-GE-WD49X23778-Dishwasher-Circulation-Pump-Assembly.htm
PS12172455,Refrigerator Door Stop WR02X24874,GE,Refrigerator,https://www.partselect.com/PS12172455-GE-WR02X24874-Refrigerator-Door-Stop.htm
PS12172609,REFRIGERATOR FREEZER HANDLE CAFE WR12X27967,GE,Refrigerator,https://www.partselect.com/PS12172609-GE-WR12X27967-REFRIGERATOR-FREEZER-HANDLE-CAFE.htm
PS12172918,Refrigerator LED Light and Cover Assembly WR55X25754,GE,Refrigerator,https://www.partselect.com/PS12172918-GE-WR55X25754-Refrigerator-LED-Light-and-Cover-Assembly.htm
PS12172983,Refrigerator  Fresh Food  Evaporator Fan Motor (DC) WR60X26866,GE,Refrigerator,https://www.partselect.com/PS12172983-GE-WR60X26866-Refrigerator-Fresh-Food-Evaporator-Fan-Motor-DC.htm
PS12173000,Refrigerator Fixed Shelf WR71X22033,GE,Refrigerator,https://www.partselect.com/PS12173000-GE-WR71X22033-Refrigerator-Fixed-Shelf.htm
PS12173626,Refrigerator Door Gasket - White - Left Side W10830287,Whirlpool,Refrigerator,https://www.partselect.com/PS12173626-Whirlpool-W10830287-Refrigerator-Door-Gasket-White-Left-Side.htm
PS12228022,Refrigerator Fan Motor Boot WR24X27948,GE,"Refrigerator, Range",https://www.partselect.com/PS12228022-GE-WR24X27948-Refrigerator-Fan-Motor-Boot.htm
PS12295443,REFRIGERATOR DRAIN VACUUM BREAK VALVE WR01X28515,GE,Refrigerator,https://www.partselect.com/PS12295443-GE-WR01X28515-REFRIGERATOR-DRAIN-VACUUM-BREAK-VALVE.htm
PS12295444,Refrigerator Water Filter Bypass Plug WR01X29059,GE,Refrigerator,https://www.partselect.com/PS12295444-GE-WR01X29059-Refrigerator-Water-Filter-Bypass-Plug.htm
PS12295449,Refrigerator Door Handle WR12X28145,GE,Refrigerator,https://www.partselect.com/PS12295449-GE-WR12X28145-Refrigerator-Door-Handle.htm
PS12295811,Refrigerator Hinge Bottom Pin WR02X27092,GE,Refrigerator,https://www.partselect.com/PS12295811-GE-WR02X27092-Refrigerator-Hinge-Bottom-Pin.htm
PS12295820,REFRIGERATOR CLEAR DAIRY DOOR WR22X28065,GE,Refrigerator,https://www.partselect.com/PS12295820-GE-WR22X28065-REFRIGERATOR-CLEAR-DAIRY-DOOR.htm
PS12295821,Refrigerator Door Light Switch WR23X29161,GE,Refrigerator,https://www.partselect.com/PS12295821-GE-WR23X29161-Refrigerator-Door-Light-Switch.htm
PS12296335,REFRIGERATOR ROTATING BIN ROLLER O-RING WR02X28071,GE,Refrigerator,https://www.partselect.com/PS12296335-GE-WR02X28071-REFRIGERATOR-ROTATING-BIN-ROLLER-O-RING.htm
PS12298193,REFRIGERATOR DOOR GASKET WHITE WR14X29372,GE,Refrigerator,https://www.partselect.com/PS12298193-GE-WR14X29372-REFRIGERATOR-DOOR-GASKET-WHITE.htm
PS12298194,Refrigerator Door Gasket (White) WR14X29374,GE,Refrigerator,https://www.partselect.com/PS12298194-GE-WR14X29374-Refrigerator-Door-Gasket-White.htm
PS12298481,REFRIGERATOR DOOR HANDLE FRESH FOOD STA WR12X27874,GE,Refrigerator,https://www.partselect.com/PS12298481-GE-WR12X27874-REFRIGERATOR-DOOR-HANDLE-FRESH-FOOD-STA.htm
PS12299419,REFRIGERATOR VEGETABLE BIN WR32X28064,GE,Refrigerator,https://www.partselect.com/PS12299419-GE-WR32X28064-REFRIGERATOR-VEGETABLE-BIN.htm
PS12342731,Dishwasher Washer Spring WD02X23652,GE,Dishwasher,https://www.partselect.com/PS12342731-GE-WD02X23652-Dishwasher-Washer-Spring.htm
PS12342779,Dishwasher Electronic Control Board Kit WD21X23556,GE,Dishwasher,https://www.partselect.com/PS12342779-GE-WD21X23556-Dishwasher-Electronic-Control-Board-Kit.htm
PS12342791,DISHWASHER DISPENSER CONTROL BOARD WD21X24184,GE,Dishwasher,https://www.partselect.com/PS12342791-GE-WD21X24184-DISHWASHER-DISPENSER-CONTROL-BOARD.htm
PS12342800,DISHWASHER ARM WD22X24180,GE,Dishwasher,https://www.partselect.com/PS12342800-GE-WD22X24180-DISHWASHER-ARM.htm
PS12342807,DISHWASHER INNER DRAIN HOSE WD24X24188,GE,,https://www.partselect.com/PS12342807-GE-WD24X24188-DISHWASHER-INNER-DRAIN-HOSE.htm
PS12342826,DISHWASHER THIRD RACK TUB MOUNT WD30X23280,GE,Dishwasher,https://www.partselect.com/PS12342826-GE-WD30X23280-DISHWASHER-THIRD-RACK-TUB-MOUNT.htm
PS12342834,DISHWASHER USER INTERFACE WD34X24183,GE,,https://www.partselect.com/PS12342834-GE-WD34X24183-DISHWASHER-USER-INTERFACE.htm
PS12344574,REFRIGERATOR ICE MAKER REMOVAL KIT WR01X26766,GE,,https://www.partselect.com/PS12344574-GE-WR01X26766-REFRIGERATOR-ICE-MAKER-REMOVAL-KIT.htm
PS12344781,REFRIGERATOR CONTROL BOARD WR09X27759,GE,Refrigerator,https://www.partselect.com/PS12344781-GE-WR09X27759-REFRIGERATOR-CONTROL-BOARD.htm
PS12344783,REFRIGERATOR FREEZER TEMPERATURE SENSOR WR09X27791,GE,Refrigerator,https://www.partselect.com/PS12344783-GE-WR09X27791-REFRIGERATOR-FREEZER-TEMPERATURE-SENSOR.htm
PS12344790,REFRIGERATOR DEFROST HEATER WR09X29241,GE,,https://www.partselect.com/PS12344790-GE-WR09X29241-REFRIGERATOR-DEFROST-HEATER.htm
PS12344792,REFRIGERATOR ELECTRONIC DEFROST TIMER WR09X29252,GE,Refrigerator,https://www.partselect.com/PS12344792-GE-WR09X29252-REFRIGERATOR-ELECTRONIC-DEFROST-TIMER.htm
PS12344795,REFRIGERATOR THERMOSTAT WR09X29314,GE,Air Conditioner,https://www.partselect.com/PS12344795-GE-WR09X29314-REFRIGERATOR-THERMOSTAT.htm
PS12344805,Refrigerator Handle (White) WR12X27303,GE,Refrigerator,https://www.partselect.com/PS12344805-GE-WR12X27303-Refrigerator-Handle-White.htm
PS12344810,Refrigerator Door Handle (Stainless) WR12X27875,GE,Refrigerator,https://www.partselect.com/PS12344810-GE-WR12X27875-Refrigerator-Door-Handle-Stainless.htm
PS12344813,Refrigerator Door Handle WR12X29331,GE,Refrigerator,https://www.partselect.com/PS12344813-GE-WR12X29331-Refrigerator-Door-Handle.htm
PS12344865,REFRIGERATOR TOP CASE HINGE FRAME DOOR WR13X28730,GE,Refrigerator,https://www.partselect.com/PS12344865-GE-WR13X28730-REFRIGERATOR-TOP-CASE-HINGE-FRAME-DOOR.htm
PS12344905,REFRIGERATOR FAN FRAME WR14X27768,GE,Refrigerator,https://www.partselect.com/PS12344905-GE-WR14X27768-REFRIGERATOR-FAN-FRAME.htm
PS12344906,Refrigerator Door Gasket (Black) WR14X27769,GE,Refrigerator,https://www.partselect.com/PS12344906-GE-WR14X27769-Refrigerator-Door-Gasket-Black.htm
PS12344910,Refrigerator Door Gasket (White) WR14X27807,GE,Refrigerator,https://www.partselect.com/PS12344910-GE-WR14X27807-Refrigerator-Door-Gasket-White.htm
PS12344956,REFRIGERATOR EVAPORATOR COVER WITH SEAL WR14X29232,GE,Refrigerator,https://www.partselect.com/PS12344956-GE-WR14X29232-REFRIGERATOR-EVAPORATOR-COVER-WITH-SEAL.htm
PS12344966,Refrigerator Freezer Door Gasket (Black) WR14X29278,GE,Refrigerator,https://www.partselect.com/PS12344966-GE-WR14X29278-Refrigerator-Freezer-Door-Gasket-Black.htm
PS12344969,REFRIGERATOR - FRESH FOOD DOOR GASKET White WR14X29284,GE,Refrigerator,https://www.partselect.com/PS12344969-GE-WR14X29284-REFRIGERATOR-FRESH-FOOD-DOOR-GASKET-White.htm
PS12345069,REFRIGERATOR MAIN BOARD FACTORY REFURB WR55X10942CT,GE,,https://www.partselect.com/PS12345069-GE-WR55X10942CT-REFRIGERATOR-MAIN-BOARD-FACTORY-REFURB.htm
PS12345081,REFRIGERATOR LED LIGHT WR55X27783,GE,Refrigerator,https://www.partselect.com/PS12345081-GE-WR55X27783-REFRIGERATOR-LED-LIGHT.htm
PS12345082,REFRIGERATOR CONTROL BOARD WR55X27784,GE,Refrigerator,https://www.partselect.com/PS12345082-GE-WR55X27784-REFRIGERATOR-CONTROL-BOARD.htm
PS12345117,REFRIGERATOR DEFROST CABLE WR55X29240,GE,Refrigerator,https://www.partselect.com/PS12345117-GE-WR55X29240-REFRIGERATOR-DEFROST-CABLE.htm
PS12345162,REFRIGERATOR EVAPORATOR FAN MOTOR WR60X27314,GE,Refrigerator,https://www.partselect.com/PS12345162-GE-WR60X27314-REFRIGERATOR-EVAPORATOR-FAN-MOTOR.htm
PS12345164,REFRIGERATOR FAN MOTOR WR60X27766,GE,Refrigerator,https://www.partselect.com/PS12345164-GE-WR60X27766-REFRIGERATOR-FAN-MOTOR.htm
PS12345295,REFRIGERATOR SLIDE FRAME - 2 RAILS WR72X28250,GE,"Refrigerator, Freezer",https://www.partselect.com/PS12345295-GE-WR72X28250-REFRIGERATOR-SLIDE-FRAME-2-RAILS.htm
PS12345373,REFRIGERATOR DOOR - WHITE WR78X27393,GE,,https://www.partselect.com/PS12345373-GE-WR78X27393-REFRIGERATOR-DOOR-WHITE.htm
PS12345403,REFRIGERATOR - FREEZER UPPER DOOR STAINL WR78X28541,GE,Refrigerator,https://www.partselect.com/PS12345403-GE-WR78X28541-REFRIGERATOR-FREEZER-UPPER-DOOR-STAINL.htm
PS12345405,REFRIGERATOR - FRESH FOOD Left Hand STAINLESS S WR78X28543,GE,Refrigerator,https://www.partselect.com/PS12345405-GE-WR78X28543-REFRIGERATOR-FRESH-FOOD-Left-Hand-STAINLESS-S.htm
PS12345406,REFRIGERATOR - FRESH FOOD Right Hand STAINLESS S WR78X28544,GE,Refrigerator,https://www.partselect.com/PS12345406-GE-WR78X28544-REFRIGERATOR-FRESH-FOOD-Right-Hand-STAINLESS-S.htm
PS12345421,REFRIGERATOR - FRESH FOOD DOOR BLACK STA WR78X29477,GE,Refrigerator,https://www.partselect.com/PS12345421-GE-WR78X29477-REFRIGERATOR-FRESH-FOOD-DOOR-BLACK-STA.htm
PS12345425,REFRIGERATOR - FRESH FOOD DOOR Right Hand STAINL WR78X29926,GE,,https://www.partselect.com/PS12345425-GE-WR78X29926-REFRIGERATOR-FRESH-FOOD-DOOR-Right-Hand-STAINL.htm
PS12345436,REFRIGERATOR COMPRESSOR REPLACEMENT KIT WR87X26271,GE,Refrigerator,https://www.partselect.com/PS12345436-GE-WR87X26271-REFRIGERATOR-COMPRESSOR-REPLACEMENT-KIT.htm
PS12345453,REFRIGERATOR EVAPORATOR WR87X28949,GE,Refrigerator,https://www.partselect.com/PS12345453-GE-WR87X28949-REFRIGERATOR-EVAPORATOR.htm
PS12345456,REFRIGERATOR RELAY & OVERLOAD KIT WR87X29315,GE,Refrigerator,https://www.partselect.com/PS12345456-GE-WR87X29315-REFRIGERATOR-RELAY-OVERLOAD-KIT.htm
PS12345667,Affresh Dishwasher Cleaner Tablets - 6 W10549851,Whirlpool,,https://www.partselect.com/PS12345667-Whirlpool-W10549851-Affresh-Dishwasher-Cleaner-Tablets-6.htm
PS12347358,Refrigerator Rocker Switch W11123943,Whirlpool,Refrigerator,https://www.partselect.com/PS12347358-Whirlpool-W11123943-Refrigerator-Rocker-Switch.htm
PS12347528,Refrigerator Freezer Shelf W11130212,Whirlpool,Refrigerator,https://www.partselect.com/PS12347528-Whirlpool-W11130212-Refrigerator-Freezer-Shelf.htm
PS12347645,Dishwasher Pump and Motor Assembly W11133712,Whirlpool,Dishwasher,https://www.partselect.com/PS12347645-Whirlpool-W11133712-Dishwasher-Pump-and-Motor-Assembly.htm
PS12347809,Dishwasher Silveware Basket W11158804,Whirlpool,Dishwasher,https://www.partselect.com/PS12347809-Whirlpool-W11158804-Dishwasher-Silveware-Basket.htm
PS12347889,Refrigerator Bracket W11161915,Whirlpool,Refrigerator,https://www.partselect.com/PS12347889-Whirlpool-W11161915-Refrigerator-Bracket.htm
PS12347960,Refrigerator Closer W11163783,Whirlpool,Refrigerator,https://www.partselect.com/PS12347960-Whirlpool-W11163783-Refrigerator-Closer.htm
PS12347999,Dishwasher Door Outer Panel W11165143,Whirlpool,Dishwasher,https://www.partselect.com/PS12347999-Whirlpool-W11165143-Dishwasher-Door-Outer-Panel.htm
PS12348000,Dishwasher Control Panel W11165145,Whirlpool,Dishwasher,https://www.partselect.com/PS12348000-Whirlpool-W11165145-Dishwasher-Control-Panel.htm
PS12348239,Refrigerator Cabinet Trim W11173662,Whirlpool,Refrigerator,https://www.partselect.com/PS12348239-Whirlpool-W11173662-Refrigerator-Cabinet-Trim.htm
PS12348310,Refrigerator Crisper Drawer W11174619,Whirlpool,Refrigerator,https://www.partselect.com/PS12348310-Whirlpool-W11174619-Refrigerator-Crisper-Drawer.htm
PS12348404,Refrigerator Dispenser Actuator W11175839,Whirlpool,Refrigerator,https://www.partselect.com/PS12348404-Whirlpool-W11175839-Refrigerator-Dispenser-Actuator.htm
PS12348481,Refrigerator Crisper Drawer Front W11176882,Whirlpool,Refrigerator,https://www.partselect.com/PS12348481-Whirlpool-W11176882-Refrigerator-Crisper-Drawer-Front.htm
PS12348486,Refrigerator Flipper Seal Cover W11177238,Whirlpool,Refrigerator,https://www.partselect.com/PS12348486-Whirlpool-W11177238-Refrigerator-Flipper-Seal-Cover.htm
PS12348487,Refrigerator Door Mullion Rail W11177241,Whirlpool,Refrigerator,https://www.partselect.com/PS12348487-Whirlpool-W11177241-Refrigerator-Door-Mullion-Rail.htm
PS12348515,Dishwasher Door Seal W11177741,Whirlpool,Dishwasher,https://www.partselect.com/PS12348515-Whirlpool-W11177741-Dishwasher-Door-Seal.htm
PS12349161,Dishwasher Electronic Control Board W11202746,Whirlpool,Dishwasher,https://www.partselect.com/PS12349161-Whirlpool-W11202746-Dishwasher-Electronic-Control-Board.htm
PS12349163,Refrigerator Auger Motor W11202789,Whirlpool,Refrigerator,https://www.partselect.com/PS12349163-Whirlpool-W11202789-Refrigerator-Auger-Motor.htm
PS12364147,Refrigerator Ice Maker Assembly 241798231,Frigidaire,"Refrigerator, Freezer, Ice Maker",https://www.partselect.com/PS12364147-Frigidaire-241798231-Refrigerator-Ice-Maker-Assembly.htm
PS12364162,Refrigerator Freezer Door Assembly 241987962,Frigidaire,Refrigerator,https://www.partselect.com/PS12364162-Frigidaire-241987962-Refrigerator-Freezer-Door-Assembly.htm
PS12364199,Refrigerator Door Shelf Bin 242126602,Frigidaire,Refrigerator,https://www.partselect.com/PS12364199-Frigidaire-242126602-Refrigerator-Door-Shelf-Bin.htm
PS12364211,Refrigerator Deli Drawer Cover 242218602,Frigidaire,Refrigerator,https://www.partselect.com/PS12364211-Frigidaire-242218602-Refrigerator-Deli-Drawer-Cover.htm
PS12364256,Refrigerator Control 297415203,Frigidaire,Refrigerator,https://www.partselect.com/PS12364256-Frigidaire-297415203-Refrigerator-Control.htm
PS12364865,Refrigerator Handle 5304511770,Frigidaire,"Refrigerator, Freezer",https://www.partselect.com/PS12364865-Frigidaire-5304511770-Refrigerator-Handle.htm
PS12365949,Refrigerator Glass Shelf Assembly 5304515413,Frigidaire,Refrigerator,https://www.partselect.com/PS12365949-Frigidaire-5304515413-Refrigerator-Glass-Shelf-Assembly.htm
PS12366335,Refrigerator Door 807460170,Frigidaire,Refrigerator,https://www.partselect.com/PS12366335-Frigidaire-807460170-Refrigerator-Door.htm
PS12366391,Refrigerator Control 808772225,Frigidaire,Freezer,https://www.partselect.com/PS12366391-Frigidaire-808772225-Refrigerator-Control.htm
PS12372918,Glass Refrigerator Crisper Drawer Cover ACQ89579301,LG,Refrigerator,https://www.partselect.com/PS12372918-LG-ACQ89579301-Glass-Refrigerator-Crisper-Drawer-Cover.htm
PS12373105,"DOOR FOAM ASSEMBLY,REFRIGERATOR ADD73656060",LG,Refrigerator,https://www.partselect.com/PS12373105-LG-ADD73656060-DOOR-FOAM-ASSEMBLY-REFRIGERATOR.htm
PS12374439,Refrigerator Front Plate Assembly AGU75188619,LG,"Refrigerator, Freezer",https://www.partselect.com/PS12374439-LG-AGU75188619-Refrigerator-Front-Plate-Assembly.htm
PS12391926,Refrigerator Defrost Heater Assembly MEE62805106,LG,Refrigerator,https://www.partselect.com/PS12391926-LG-MEE62805106-Refrigerator-Defrost-Heater-Assembly.htm
PS12394435,Dishwasher Door Switch DD81-02132A,Samsung,Dishwasher,https://www.partselect.com/PS12394435-Samsung-DD81-02132A-Dishwasher-Door-Switch.htm
PS12394477,Refrigerator Compressor MSE166CL1H/ASH,Samsung,Refrigerator,https://www.partselect.com/PS12394477-Samsung-MSE166CL1H-ASH-Refrigerator-Compressor.htm
PS12541136,REFRIGERATOR DOOR STOP BISQUE WR02X28285,GE,Refrigerator,https://www.partselect.com/PS12541136-GE-WR02X28285-REFRIGERATOR-DOOR-STOP-BISQUE.htm
PS12541150,REFRIGERATOR HMI CONTROL WR55X29414,GE,Refrigerator,https://www.partselect.com/PS12541150-GE-WR55X29414-REFRIGERATOR-HMI-CONTROL.htm
PS12577810,REFRIGERATOR RIGHT HAND DOOR BLACK SLATE WR78X29149,GE,Refrigerator,https://www.partselect.com/PS12577810-GE-WR78X29149-REFRIGERATOR-RIGHT-HAND-DOOR-BLACK-SLATE.htm
PS12578165,Dishwasher INLET VALVE W11175771,Whirlpool,Dishwasher,https://www.partselect.com/PS12578165-Whirlpool-W11175771-Dishwasher-INLET-VALVE.htm
PS12578586,Refrigerator Water Reservoir W11229977,Whirlpool,Refrigerator,https://www.partselect.com/PS12578586-Whirlpool-W11229977-Refrigerator-Water-Reservoir.htm
PS12578670,Dishwasher Door Outer Panel W11231156,Whirlpool,Dishwasher,https://www.partselect.com/PS12578670-Whirlpool-W11231156-Dishwasher-Door-Outer-Panel.htm
PS12578803,Refrigerator Door Gasket - Black W11240749,Whirlpool,Refrigerator,https://www.partselect.com/PS12578803-Whirlpool-W11240749-Refrigerator-Door-Gasket-Black.htm
PS12582687,Dishwasher Spray Arm Retainer WD12X23662,GE,Dishwasher,https://www.partselect.com/PS12582687-GE-WD12X23662-Dishwasher-Spray-Arm-Retainer.htm
PS12583113,REFRIGERATOR DRAIN VACUUM BREAK VALVE WR01X29412,GE,Refrigerator,https://www.partselect.com/PS12583113-GE-WR01X29412-REFRIGERATOR-DRAIN-VACUUM-BREAK-VALVE.htm
PS12583121,REFRIGERATOR DOOR STOP DORIAN GRAY WR02X28286,GE,Refrigerator,https://www.partselect.com/PS12583121-GE-WR02X28286-REFRIGERATOR-DOOR-STOP-DORIAN-GRAY.htm
PS12583144,Refrigerator Door Handle WR12X29332,GE,Refrigerator,https://www.partselect.com/PS12583144-GE-WR12X29332-Refrigerator-Door-Handle.htm
PS12583254,REFRIGERATOR - DISPENSER DOOR STAINLESS WR78X30119,GE,Refrigerator,https://www.partselect.com/PS12583254-GE-WR78X30119-REFRIGERATOR-DISPENSER-DOOR-STAINLESS.htm
PS12583257,REFRIGERATOR - FRESH FOOD DOOR RH SLATE WR78X30261,GE,Refrigerator,https://www.partselect.com/PS12583257-GE-WR78X30261-REFRIGERATOR-FRESH-FOOD-DOOR-RH-SLATE.htm
PS12584376,Dishwasher Dish Rack Slide Track - Left Side W11259785,Whirlpool,Dishwasher,https://www.partselect.com/PS12584376-Whirlpool-W11259785-Dishwasher-Dish-Rack-Slide-Track-Left-Side.htm
PS12584377,Dishwasher Dish Rack Slide Track - Right Side W11259786,Whirlpool,Dishwasher,https://www.partselect.com/PS12584377-Whirlpool-W11259786-Dishwasher-Dish-Rack-Slide-Track-Right-Side.htm
PS12584655,Refrigerator Switch W11291138,Whirlpool,"Refrigerator, Ice Maker",https://www.partselect.com/PS12584655-Whirlpool-W11291138-Refrigerator-Switch.htm
PS12585690,Dishwasher Switch Assembly 5304517587,Frigidaire,Dishwasher,https://www.partselect.com/PS12585690-Frigidaire-5304517587-Dishwasher-Switch-Assembly.htm
PS12585991,Dishwasher User Interface Control Button Assembly 5304518467,Frigidaire,Dishwasher,https://www.partselect.com/PS12585991-Frigidaire-5304518467-Dishwasher-User-Interface-Control-Button-Assembly.htm
PS12586137,Refrigerator Ice Bin 5304518913,Frigidaire,Refrigerator,https://www.partselect.com/PS12586137-Frigidaire-5304518913-Refrigerator-Ice-Bin.htm
PS12586275,Dishwasher Switch A00055408,Frigidaire,Dishwasher,https://www.partselect.com/PS12586275-Frigidaire-A00055408-Dishwasher-Switch.htm
PS12588694,"HANDLE ASSEMBLY,REFRIGERATOR AED74732906",LG,Refrigerator,https://www.partselect.com/PS12588694-LG-AED74732906-HANDLE-ASSEMBLY-REFRIGERATOR.htm
PS12703061,Dishwasher Basket Assembly Silverware WD28X24469,GE,Dishwasher,https://www.partselect.com/PS12703061-GE-WD28X24469-Dishwasher-Basket-Assembly-Silverware.htm
PS12703660,REFRIGERATOR - FRESH FOOD DOOR WHITE WR78X30202,GE,Refrigerator,https://www.partselect.com/PS12703660-GE-WR78X30202-REFRIGERATOR-FRESH-FOOD-DOOR-WHITE.htm
PS12704514,Refrigerator Light Cover W11284721,Whirlpool,Refrigerator,https://www.partselect.com/PS12704514-Whirlpool-W11284721-Refrigerator-Light-Cover.htm
PS12705443,Refrigerator Leveling Leg 5304519032,Frigidaire,Refrigerator,https://www.partselect.com/PS12705443-Frigidaire-5304519032-Refrigerator-Leveling-Leg.htm
PS12707372,Refrigerator Handle End Cap Left DA97-11912L,Samsung,Refrigerator,https://www.partselect.com/PS12707372-Samsung-DA97-11912L-Refrigerator-Handle-End-Cap-Left.htm
PS12710360,Refrigerator Door Stop (White) WR02X28283,GE,Refrigerator,https://www.partselect.com/PS12710360-GE-WR02X28283-Refrigerator-Door-Stop-White.htm
PS12710522,Finish Dishwasher Cleaner WX10X10209,GE,Dishwasher,https://www.partselect.com/PS12710522-GE-WX10X10209-Finish-Dishwasher-Cleaner.htm
PS12711428,Refrigerator Water Tubing W11308813,Whirlpool,Refrigerator,https://www.partselect.com/PS12711428-Whirlpool-W11308813-Refrigerator-Water-Tubing.htm
PS12712096,Refrigerator Armshut W11342242,Whirlpool,"Refrigerator, Ice Maker",https://www.partselect.com/PS12712096-Whirlpool-W11342242-Refrigerator-Armshut.htm
PS12712277,Refrigerator Light Bulb 5304517886,Frigidaire,"Refrigerator, Freezer",https://www.partselect.com/PS12712277-Frigidaire-5304517886-Refrigerator-Light-Bulb.htm
PS12714082,"DOOR FOAM ASSEMBLY,REFRIGERATOR ADD73656078",LG,Refrigerator,https://www.partselect.com/PS12714082-LG-ADD73656078-DOOR-FOAM-ASSEMBLY-REFRIGERATOR.htm
PS12714084,Refrigerator Door Foam Assembly ADD73656081,LG,Refrigerator,https://www.partselect.com/PS12714084-LG-ADD73656081-Refrigerator-Door-Foam-Assembly.htm
PS12714107,"DOOR FOAM ASSEMBLY,REFRIGERATOR ADD73996081",LG,Refrigerator,https://www.partselect.com/PS12714107-LG-ADD73996081-DOOR-FOAM-ASSEMBLY-REFRIGERATOR.htm
PS12714186,Refrigerator Water Filter LT500P ADQ72910911,LG,Refrigerator,https://www.partselect.com/PS12714186-LG-ADQ72910911-Refrigerator-Water-Filter-LT500P.htm
PS12714594,"SHELF ASSEMBLY,REFRIGERATOR AHT74574219",LG,Refrigerator,https://www.partselect.com/PS12714594-LG-AHT74574219-SHELF-ASSEMBLY-REFRIGERATOR.htm
PS12716340,Refrigerator Door Assembly DA82-02517A,Samsung,Refrigerator,https://www.partselect.com/PS12716340-Samsung-DA82-02517A-Refrigerator-Door-Assembly.htm
PS12716563,STAINLESS DISHWASHER HANDLE WD09X24952,GE,"Dishwasher, Refrigerator",https://www.partselect.com/PS12716563-GE-WD09X24952-STAINLESS-DISHWASHER-HANDLE.htm
PS12717284,Refrigerator Glass Shelf W11300659,Whirlpool,Refrigerator,https://www.partselect.com/PS12717284-Whirlpool-W11300659-Refrigerator-Glass-Shelf.htm
PS12718734,Refrigerator Bypass A13402902,Frigidaire,Refrigerator,https://www.partselect.com/PS12718734-Frigidaire-A13402902-Refrigerator-Bypass.htm
PS12719486,"Refrigerator Door Assembly, Left DA82-02521D",Samsung,Refrigerator,https://www.partselect.com/PS12719486-Samsung-DA82-02521D-Refrigerator-Door-Assembly-Left.htm
PS12722212,Refrigerator Compressor MKV190CL2B/ASH,Samsung,Refrigerator,https://www.partselect.com/PS12722212-Samsung-MKV190CL2B-ASH-Refrigerator-Compressor.htm
PS12722262,"CMP,COMP,REFRIGERATOR,R-600A NF34J9131AMASH",Samsung,,https://www.partselect.com/PS12722262-Samsung-NF34J9131AMASH-CMP-COMP-REFRIGERATOR-R-600A.htm
PS12722272,Refrigerator Compressor NN34J9902APASH,Samsung,Refrigerator,https://www.partselect.com/PS12722272-Samsung-NN34J9902APASH-Refrigerator-Compressor.htm
PS12722881,BRONZE DISHWASHER HANDLE WD09X25420,GE,"Dishwasher, Refrigerator",https://www.partselect.com/PS12722881-GE-WD09X25420-BRONZE-DISHWASHER-HANDLE.htm
PS12723342,REFRIGERATOR FRAME DOOR LOWER MAGNET WR02X28072,GE,Refrigerator,https://www.partselect.com/PS12723342-GE-WR02X28072-REFRIGERATOR-FRAME-DOOR-LOWER-MAGNET.htm
PS12723385,REFRIGERATOR DOOR HANDLE WHITE WR12X31693,GE,Refrigerator,https://www.partselect.com/PS12723385-GE-WR12X31693-REFRIGERATOR-DOOR-HANDLE-WHITE.htm
PS12723433,REFRIGERATOR SHELF WR32X31557,GE,Refrigerator,https://www.partselect.com/PS12723433-GE-WR32X31557-REFRIGERATOR-SHELF.htm
PS12723489,REFRIGERATOR DOOR - FRESH FOOD RIGHT HAN WR78X30557,GE,Refrigerator,https://www.partselect.com/PS12723489-GE-WR78X30557-REFRIGERATOR-DOOR-FRESH-FOOD-RIGHT-HAN.htm
PS12723959,Refrigerator Door Gasket W11368721,Whirlpool,Refrigerator,https://www.partselect.com/PS12723959-Whirlpool-W11368721-Refrigerator-Door-Gasket.htm
PS12724833,Refrigerator Water Filter LT700P AGF80300702,LG,"Refrigerator, Freezer",https://www.partselect.com/PS12724833-LG-AGF80300702-Refrigerator-Water-Filter-LT700P.htm
PS12724834,Refrigerator Water Filter LT1000P AGF80300704,LG,Refrigerator,https://www.partselect.com/PS12724834-LG-AGF80300704-Refrigerator-Water-Filter-LT1000P.htm
PS12724835,Refrigerator Water Filter AGF80300801,LG,Refrigerator,https://www.partselect.com/PS12724835-LG-AGF80300801-Refrigerator-Water-Filter.htm
PS12725022,Refrigerator Software Update Module Kit CJT30000002,LG,,https://www.partselect.com/PS12725022-LG-CJT30000002-Refrigerator-Software-Update-Module-Kit.htm
PS12725411,Refrigerator Compressor Assembly Set TCA38091801,LG,"Refrigerator, Freezer",https://www.partselect.com/PS12725411-LG-TCA38091801-Refrigerator-Compressor-Assembly-Set.htm
PS12726404,Dishwasher Guide Upper Rack Rail WD12X23637,GE,Dishwasher,https://www.partselect.com/PS12726404-GE-WD12X23637-Dishwasher-Guide-Upper-Rack-Rail.htm
PS12726455,Dishwasher Upper Dishrack Assembly WD28X25802,GE,Dishwasher,https://www.partselect.com/PS12726455-GE-WD28X25802-Dishwasher-Upper-Dishrack-Assembly.htm
PS12727202,STAINLESS REFRIGERATOR HANDLE WR12X31641,GE,Refrigerator,https://www.partselect.com/PS12727202-GE-WR12X31641-STAINLESS-REFRIGERATOR-HANDLE.htm
PS12727240,REFRIGERATOR CENTER HINGE RIGHT WR13X32036,GE,Refrigerator,https://www.partselect.com/PS12727240-GE-WR13X32036-REFRIGERATOR-CENTER-HINGE-RIGHT.htm
PS12727272,Refrigerator Bypass WR17X22070,GE,"Refrigerator, Freezer",https://www.partselect.com/PS12727272-GE-WR17X22070-Refrigerator-Bypass.htm
PS12727274,Refrigerator Water Filter Head WR17X22072,GE,Refrigerator,https://www.partselect.com/PS12727274-GE-WR17X22072-Refrigerator-Water-Filter-Head.htm
PS12727313,REFRIGERATOR DOOR LIGHT SWITCH WR23X31507,GE,Refrigerator,https://www.partselect.com/PS12727313-GE-WR23X31507-REFRIGERATOR-DOOR-LIGHT-SWITCH.htm
PS12727349,REFRIGERATOR SHELF BIS WR32X32029,GE,Refrigerator,https://www.partselect.com/PS12727349-GE-WR32X32029-REFRIGERATOR-SHELF-BIS.htm
PS12727351,REFRIGERATOR VEGETABLE PAN BIS WR32X32031,GE,Refrigerator,https://www.partselect.com/PS12727351-GE-WR32X32031-REFRIGERATOR-VEGETABLE-PAN-BIS.htm
PS12727355,REFRIGERATOR QUICK SPACE SHELF BIS WR32X32035,GE,Refrigerator,https://www.partselect.com/PS12727355-GE-WR32X32035-REFRIGERATOR-QUICK-SPACE-SHELF-BIS.htm
PS12727361,REFRIGERATOR FAN MOISTURE KIT WR49X32042,GE,,https://www.partselect.com/PS12727361-GE-WR49X32042-REFRIGERATOR-FAN-MOISTURE-KIT.htm
PS12727431,Refrigerator Evaporator Fan Motor WR60X25858,GE,Refrigerator,https://www.partselect.com/PS12727431-GE-WR60X25858-Refrigerator-Evaporator-Fan-Motor.htm
PS12727520,REFRIGERATOR - FRESH FOOD DOOR BLACK WR78X30953,GE,Refrigerator,https://www.partselect.com/PS12727520-GE-WR78X30953-REFRIGERATOR-FRESH-FOOD-DOOR-BLACK.htm
PS12727858,Refrigerator Ice Maker Fill Tube W11176463,Whirlpool,"Refrigerator, Ice Maker",https://www.partselect.com/PS12727858-Whirlpool-W11176463-Refrigerator-Ice-Maker-Fill-Tube.htm
PS12728638,Refrigerator Door Switch W11384469,Whirlpool,"Refrigerator, Freezer, Ice Maker",https://www.partselect.com/PS12728638-Whirlpool-W11384469-Refrigerator-Door-Switch.htm
PS12728806,Refrigerator Ice Crusher Fixed Blade 241684303,Frigidaire,Refrigerator,https://www.partselect.com/PS12728806-Frigidaire-241684303-Refrigerator-Ice-Crusher-Fixed-Blade.htm
PS12729020,Refrigerator Wire Harness 5304521786,Frigidaire,Refrigerator,https://www.partselect.com/PS12729020-Frigidaire-5304521786-Refrigerator-Wire-Harness.htm
PS12729077,Refrigerator Evaporator Fan Motor 808602602,Frigidaire,Refrigerator,https://www.partselect.com/PS12729077-Frigidaire-808602602-Refrigerator-Evaporator-Fan-Motor.htm
PS12731165,Refrigerator Water Filter Bypass W11395888,Whirlpool,Refrigerator,https://www.partselect.com/PS12731165-Whirlpool-W11395888-Refrigerator-Water-Filter-Bypass.htm
PS12731167,Refrigerator Door Gasket - Right (White) W11396037,Whirlpool,Refrigerator,https://www.partselect.com/PS12731167-Whirlpool-W11396037-Refrigerator-Door-Gasket-Right-White.htm
PS12731168,Refrigerator Door Bin W11396038,Whirlpool,Refrigerator,https://www.partselect.com/PS12731168-Whirlpool-W11396038-Refrigerator-Door-Bin.htm
PS12731405,Refrigerator Bin 5304519702,Frigidaire,Refrigerator,https://www.partselect.com/PS12731405-Frigidaire-5304519702-Refrigerator-Bin.htm
PS12731414,Refrigerator Bearing 5304519757,Frigidaire,"Refrigerator, Freezer",https://www.partselect.com/PS12731414-Frigidaire-5304519757-Refrigerator-Bearing.htm
PS12731419,Refrigerator Hookauto Closer Wh 5304519789,Frigidaire,"Refrigerator, Freezer",https://www.partselect.com/PS12731419-Frigidaire-5304519789-Refrigerator-Hookauto-Closer-Wh.htm
PS12731463,Refrigerator Bin 5304522123,Frigidaire,Refrigerator,https://www.partselect.com/PS12731463-Frigidaire-5304522123-Refrigerator-Bin.htm
PS12731467,Refrigerator Carriage 5304522177,Frigidaire,Refrigerator,https://www.partselect.com/PS12731467-Frigidaire-5304522177-Refrigerator-Carriage.htm
PS12731471,Refrigerator Bearing 5304522194,Frigidaire,"Refrigerator, Freezer",https://www.partselect.com/PS12731471-Frigidaire-5304522194-Refrigerator-Bearing.htm
PS12731483,Refrigerator Clip 5304522258,Frigidaire,"Refrigerator, Freezer",https://www.partselect.com/PS12731483-Frigidaire-5304522258-Refrigerator-Clip.htm
PS12731484,Refrigerator Clip 5304522259,Frigidaire,"Refrigerator, Freezer",https://www.partselect.com/PS12731484-Frigidaire-5304522259-Refrigerator-Clip.htm
PS12731641,Refrigerator Ice Container Assembly 5304522718,Frigidaire,Refrigerator,https://www.partselect.com/PS12731641-Frigidaire-5304522718-Refrigerator-Ice-Container-Assembly.htm
PS12739141,Refrigerator Deodorizer MCS62101805,LG,Refrigerator,https://www.partselect.com/PS12739141-LG-MCS62101805-Refrigerator-Deodorizer.htm
PS12739796,Refrigerator Guard DA97-13728T,Samsung,Refrigerator,https://www.partselect.com/PS12739796-Samsung-DA97-13728T-Refrigerator-Guard.htm
PS12739941,Refrigerator Drawer Cover DA97-20341A,Samsung,Refrigerator,https://www.partselect.com/PS12739941-Samsung-DA97-20341A-Refrigerator-Drawer-Cover.htm
PS12741406,DISHWASHER TRAY WX7X5,GE,,https://www.partselect.com/PS12741406-GE-WX7X5-DISHWASHER-TRAY.htm
PS12742478,Dishwasher Rail Assembly AHC73575003,LG,Dishwasher,https://www.partselect.com/PS12742478-LG-AHC73575003-Dishwasher-Rail-Assembly.htm
PS12743146,BRUSHED BLACK STAINLESS DISHWASHER HANDL WD09X25858,GE,"Dishwasher, Refrigerator",https://www.partselect.com/PS12743146-GE-WD09X25858-BRUSHED-BLACK-STAINLESS-DISHWASHER-HANDL.htm
PS12743836,Refrigerator Crisper Drawer WR02X31766,GE,Refrigerator,https://www.partselect.com/PS12743836-GE-WR02X31766-Refrigerator-Crisper-Drawer.htm
PS12743837,REFRIGERATOR DOOR STOP RIGHT WR02X31770,GE,Refrigerator,https://www.partselect.com/PS12743837-GE-WR02X31770-REFRIGERATOR-DOOR-STOP-RIGHT.htm
PS12743866,Refrigerator Door Stop (Left Side) WR02X31861,GE,Refrigerator,https://www.partselect.com/PS12743866-GE-WR02X31861-Refrigerator-Door-Stop-Left-Side.htm
PS12743916,REFRIGERATOR INSTALLATION HARDWARE WR02X32852,GE,"Refrigerator, Freezer",https://www.partselect.com/PS12743916-GE-WR02X32852-REFRIGERATOR-INSTALLATION-HARDWARE.htm
PS12743930,Refrigerator Door Closure Mechanism (Right) WR11X31801,GE,Refrigerator,https://www.partselect.com/PS12743930-GE-WR11X31801-Refrigerator-Door-Closure-Mechanism-Right.htm
PS12743937,STAINLESS REFRIGERATOR HANDLE WR12X31917,GE,Refrigerator,https://www.partselect.com/PS12743937-GE-WR12X31917-STAINLESS-REFRIGERATOR-HANDLE.htm
PS12743943,BRUSHED BRONZE REFRIGERATOR HANDLE WR12X32105,GE,Refrigerator,https://www.partselect.com/PS12743943-GE-WR12X32105-BRUSHED-BRONZE-REFRIGERATOR-HANDLE.htm
PS12743948,BRUSHED BLACK REFRIGERATOR HANDLE WR12X32170,GE,Refrigerator,https://www.partselect.com/PS12743948-GE-WR12X32170-BRUSHED-BLACK-REFRIGERATOR-HANDLE.htm
PS12743949,BRUSHED COPPER REFRIGERATOR HANDLE WR12X32171,GE,Refrigerator,https://www.partselect.com/PS12743949-GE-WR12X32171-BRUSHED-COPPER-REFRIGERATOR-HANDLE.htm
PS12743956,BLACK STAINLESS REFRIGERATOR HANDLE WR12X32583,GE,Refrigerator,https://www.partselect.com/PS12743956-GE-WR12X32583-BLACK-STAINLESS-REFRIGERATOR-HANDLE.htm
PS12743966,REFRIGERATOR DOOR RIGHT UPPER HINGE WR13X31769,GE,Refrigerator,https://www.partselect.com/PS12743966-GE-WR13X31769-REFRIGERATOR-DOOR-RIGHT-UPPER-HINGE.htm
PS12743967,REFRIGERATOR DOOR LEFT LOWER HINGE WR13X31786,GE,Refrigerator,https://www.partselect.com/PS12743967-GE-WR13X31786-REFRIGERATOR-DOOR-LEFT-LOWER-HINGE.htm
PS12743973,REFRIGERATOR DOOR LEFT UPPER HINGE WR13X32502,GE,Refrigerator,https://www.partselect.com/PS12743973-GE-WR13X32502-REFRIGERATOR-DOOR-LEFT-UPPER-HINGE.htm
PS12744060,Refrigerator Tuckaway Shelf (Gray) WR32X31957,GE,Refrigerator,https://www.partselect.com/PS12744060-GE-WR32X31957-Refrigerator-Tuckaway-Shelf-Gray.htm
PS12744065,Refrigerator Crisper Drawer WR32X32346,GE,Refrigerator,https://www.partselect.com/PS12744065-GE-WR32X32346-Refrigerator-Crisper-Drawer.htm
PS12744077,REFRIGERATOR DEFROST HEATER WR51X31996,GE,Refrigerator,https://www.partselect.com/PS12744077-GE-WR51X31996-REFRIGERATOR-DEFROST-HEATER.htm
PS12744085,REFRIGERATOR POWER SUPPLY BOARD WR55X31984,GE,"Refrigerator, Wine and Beverage Cooler",https://www.partselect.com/PS12744085-GE-WR55X31984-REFRIGERATOR-POWER-SUPPLY-BOARD.htm
PS12744142,REFRIGERATOR EVAPORATOR FAN WR60X32071,GE,"Refrigerator, Wine and Beverage Cooler",https://www.partselect.com/PS12744142-GE-WR60X32071-REFRIGERATOR-EVAPORATOR-FAN.htm
PS12744312,STAINLESS REFRIGERATOR RIGHT DOOR WR78X32525,GE,Refrigerator,https://www.partselect.com/PS12744312-GE-WR78X32525-STAINLESS-REFRIGERATOR-RIGHT-DOOR.htm
PS12744440,DISHWASHER CONNECTION AND POWER CORD KIT WX28X330,GE,,https://www.partselect.com/PS12744440-GE-WX28X330-DISHWASHER-CONNECTION-AND-POWER-CORD-KIT.htm
PS12745387,Dishwasher Control Board W11413274,Whirlpool,Dishwasher,https://www.partselect.com/PS12745387-Whirlpool-W11413274-Dishwasher-Control-Board.htm
PS12746654,Dishwasher Water Inlet Tubing 5304523457,Frigidaire,Dishwasher,https://www.partselect.com/PS12746654-Frigidaire-5304523457-Dishwasher-Water-Inlet-Tubing.htm
PS12746805,Refrigerator Motor Fan 5304523741,Frigidaire,"Freezer, Refrigerator",https://www.partselect.com/PS12746805-Frigidaire-5304523741-Refrigerator-Motor-Fan.htm
PS12748143,"DOOR FOAM ASSEMBLY,REFRIGERATOR ADD73996037",LG,Refrigerator,https://www.partselect.com/PS12748143-LG-ADD73996037-DOOR-FOAM-ASSEMBLY-REFRIGERATOR.htm
PS12749087,"SHELF,REFRIGERATOR MHL62812405",LG,Refrigerator,https://www.partselect.com/PS12749087-LG-MHL62812405-SHELF-REFRIGERATOR.htm
PS12749322,STATEMENT REFRIGERATOR HANDLE WR12X32572,GE,Refrigerator,https://www.partselect.com/PS12749322-GE-WR12X32572-STATEMENT-REFRIGERATOR-HANDLE.htm
PS12749323,MINIMALIST REFRIGERATOR HANDLE WR12X32573,GE,Refrigerator,https://www.partselect.com/PS12749323-GE-WR12X32573-MINIMALIST-REFRIGERATOR-HANDLE.htm
PS12749870,Refrigerator Water Filter 3-Pack ADQ75795104,LG,,https://www.partselect.com/PS12749870-LG-ADQ75795104-Refrigerator-Water-Filter-3-Pack.htm
PS12750099,"SHELF ASSEMBLY,REFRIGERATOR AHT73234053",LG,Refrigerator,https://www.partselect.com/PS12750099-LG-AHT73234053-SHELF-ASSEMBLY-REFRIGERATOR.htm
PS12751853,"Whirlpool Refrigerator Freezer Door Assembly, White LW10636409",Whirlpool,Refrigerator,https://www.partselect.com/PS12751853-Whirlpool-LW10636409-Whirlpool-Refrigerator-Freezer-Door-Assembly-White.htm
PS12751888,"Whirlpool Refrigerator Door Assembly, Right Hand, Stainless LW10858417",Whirlpool,Refrigerator,https://www.partselect.com/PS12751888-Whirlpool-LW10858417-Whirlpool-Refrigerator-Door-Assembly-Right-Hand-Stainless.htm
PS12754379,Refrigerator Case Right Side Trim WR02X32592,GE,"Refrigerator, Freezer",https://www.partselect.com/PS12754379-GE-WR02X32592-Refrigerator-Case-Right-Side-Trim.htm
PS12754394,Refrigerator Door Gasket WR14X32082,GE,Refrigerator,https://www.partselect.com/PS12754394-GE-WR14X32082-Refrigerator-Door-Gasket.htm
PS12754403,Refrigerator Drain Trough WR17X31784,GE,Refrigerator,https://www.partselect.com/PS12754403-GE-WR17X31784-Refrigerator-Drain-Trough.htm
PS12754409,Refrigerator Case Top Trim WR17X32357,GE,"Refrigerator, Freezer",https://www.partselect.com/PS12754409-GE-WR17X32357-Refrigerator-Case-Top-Trim.htm
PS12754425,White Refrigerator Tuckaway Shelf WR32X31963,GE,Refrigerator,https://www.partselect.com/PS12754425-GE-WR32X31963-White-Refrigerator-Tuckaway-Shelf.htm
PS12754426,White Refrigerator Shelf WR32X31967,GE,Refrigerator,https://www.partselect.com/PS12754426-GE-WR32X31967-White-Refrigerator-Shelf.htm
PS1481807,Dishwasher Guide Casing WD01X10306,GE,Dishwasher,https://www.partselect.com/PS1481807-GE-WD01X10306-Dishwasher-Guide-Casing.htm
PS1483073,Refrigerator Screw 818 Ab Fltr 5/8 S WR01X10596,GE,Refrigerator,https://www.partselect.com/PS1483073-GE-WR01X10596-Refrigerator-Screw-818-Ab-Fltr-5-8-S.htm
PS1483082,Refrigerator Screw 818 Ca Hx 1/2 S WR01X10606,GE,"Refrigerator, Range",https://www.partselect.com/PS1483082-GE-WR01X10606-Refrigerator-Screw-818-Ca-Hx-1-2-S.htm
PS1483305,Refrigerator Ice Dispenser Lever WR17X12125,GE,Refrigerator,https://www.partselect.com/PS1483305-GE-WR17X12125-Refrigerator-Ice-Dispenser-Lever.htm
PS1483368,Refrigerator Wire Harness WR23X10476,GE,Refrigerator,https://www.partselect.com/PS1483368-GE-WR23X10476-Refrigerator-Wire-Harness.htm
PS1483391,Refrigerator Wire Harness WR23X10505,GE,Refrigerator,https://www.partselect.com/PS1483391-GE-WR23X10505-Refrigerator-Wire-Harness.htm
PS1483433,Refrigerator Shelf Glass WR32X10580,GE,Refrigerator,https://www.partselect.com/PS1483433-GE-WR32X10580-Refrigerator-Shelf-Glass.htm
PS1490161,Dishwasher Control Panel W10072730,Whirlpool,Dishwasher,https://www.partselect.com/PS1490161-Whirlpool-W10072730-Dishwasher-Control-Panel.htm
PS1517660,Dishwasher Hose Chamber WD24X10041,GE,Dishwasher,https://www.partselect.com/PS1517660-GE-WD24X10041-Dishwasher-Hose-Chamber.htm
PS1518098,Refrigerator Water Filter Head and Tubing WR17X12301,GE,Refrigerator,https://www.partselect.com/PS1518098-GE-WR17X12301-Refrigerator-Water-Filter-Head-and-Tubing.htm
PS1518345,Refrigerator Ice Container Wiper 2317243,Whirlpool,Refrigerator,https://www.partselect.com/PS1518345-Whirlpool-2317243-Refrigerator-Ice-Container-Wiper.htm
PS1525784,Refrigerator Screw 218362501,Frigidaire,"Refrigerator, Washer, Freezer, Washer Dryer Combo",https://www.partselect.com/PS1525784-Frigidaire-218362501-Refrigerator-Screw.htm
PS1526283,Refrigerator Screw 241637202,Frigidaire,Refrigerator,https://www.partselect.com/PS1526283-Frigidaire-241637202-Refrigerator-Screw.htm
PS16217024,Dishwasher Lower Rack Roller WD12X26146,GE,Dishwasher,https://www.partselect.com/PS16217024-GE-WD12X26146-Dishwasher-Lower-Rack-Roller.htm
PS16217372,STAINLESS REFRIGERATOR RIGHT DOOR WR78X32586,GE,Refrigerator,https://www.partselect.com/PS16217372-GE-WR78X32586-STAINLESS-REFRIGERATOR-RIGHT-DOOR.htm
PS16217391,REFRIGERATOR-FRESH FOOD DOOR STAINLESS S WR78X33845,GE,Refrigerator,https://www.partselect.com/PS16217391-GE-WR78X33845-REFRIGERATOR-FRESH-FOOD-DOOR-STAINLESS-S.htm
PS16217433,Refrigerator Water Filter XWFE,GE,"Refrigerator, Freezer",https://www.partselect.com/PS16217433-GE-XWFE-Refrigerator-Water-Filter.htm
PS16218652,Dishwasher Drain Pump 5304524920,Frigidaire,Dishwasher,https://www.partselect.com/PS16218652-Frigidaire-5304524920-Dishwasher-Drain-Pump.htm
PS16218739,Dishwasher Cutlery Basket A00173209,Frigidaire,Dishwasher,https://www.partselect.com/PS16218739-Frigidaire-A00173209-Dishwasher-Cutlery-Basket.htm
PS16218782,Refrigerator Water Filter FPPWFU01,Frigidaire,Refrigerator,https://www.partselect.com/PS16218782-Frigidaire-FPPWFU01-Refrigerator-Water-Filter.htm
PS16220211,Refrigerator Door Handle Freezer (Black) WR12X34829,GE,Refrigerator,https://www.partselect.com/PS16220211-GE-WR12X34829-Refrigerator-Door-Handle-Freezer-Black.htm
PS16220212,REFRIGERATOR DOOR HANDLE FREEZER STAINLESS WR12X34830,GE,Refrigerator,https://www.partselect.com/PS16220212-GE-WR12X34830-REFRIGERATOR-DOOR-HANDLE-FREEZER-STAINLESS.htm
PS16220350,REFRIGERATOR-FREEZER DOOR STAINLESS STEE WR78X33847,GE,Refrigerator,https://www.partselect.com/PS16220350-GE-WR78X33847-REFRIGERATOR-FREEZER-DOOR-STAINLESS-STEE.htm
PS16221237,Refrigerator Door Gasket - Left (White) W11501500,Whirlpool,Refrigerator,https://www.partselect.com/PS16221237-Whirlpool-W11501500-Refrigerator-Door-Gasket-Left-White.htm
PS16221315,Refrigerator Inverter 241577511,Frigidaire,Refrigerator,https://www.partselect.com/PS16221315-Frigidaire-241577511-Refrigerator-Inverter.htm
PS16226479,REFRIGERATOR HANDLE STAND OFF WR02X33766,GE,Refrigerator,https://www.partselect.com/PS16226479-GE-WR02X33766-REFRIGERATOR-HANDLE-STAND-OFF.htm
PS16226582,Refrigerator Door Bin (Left) WR71X36524,GE,Refrigerator,https://www.partselect.com/PS16226582-GE-WR71X36524-Refrigerator-Door-Bin-Left.htm
PS16539055,REFRIGERATOR BOTTOM DOOR BIN WR71X32547,GE,Refrigerator,https://www.partselect.com/PS16539055-GE-WR71X32547-REFRIGERATOR-BOTTOM-DOOR-BIN.htm
PS16542838,REFRIGERATOR SMALL DOOR BIN WR71X32548,GE,Refrigerator,https://www.partselect.com/PS16542838-GE-WR71X32548-REFRIGERATOR-SMALL-DOOR-BIN.htm
PS16546777,Refrigerator Water Filter 3-Pack ADQ36006118,LG,Refrigerator,https://www.partselect.com/PS16546777-LG-ADQ36006118-Refrigerator-Water-Filter-3-Pack.htm
PS16546784,Refrigerator Water Filter 3-Pack ADQ73613409,LG,Refrigerator,https://www.partselect.com/PS16546784-LG-ADQ73613409-Refrigerator-Water-Filter-3-Pack.htm
PS16546791,Refrigerator Water Filter 3-Pack ADQ74793510,LG,Refrigerator,https://www.partselect.com/PS16546791-LG-ADQ74793510-Refrigerator-Water-Filter-3-Pack.htm
PS16554849,STAINLESS REFRIGERATOR HANDLE WR12X36385,GE,Refrigerator,https://www.partselect.com/PS16554849-GE-WR12X36385-STAINLESS-REFRIGERATOR-HANDLE.htm
PS16554873,REFRIGERATOR EVAPORATOR COVER WITH DELI FAN WR17X37708,GE,Refrigerator,https://www.partselect.com/PS16554873-GE-WR17X37708-REFRIGERATOR-EVAPORATOR-COVER-WITH-DELI-FAN.htm
PS16554953,REFRIGERATOR DOOR - LEFT HAND NON DISPENSER STAINLESS STEEL WR78X37437,GE,Refrigerator,https://www.partselect.com/PS16554953-GE-WR78X37437-REFRIGERATOR-DOOR-LEFT-HAND-NON-DISPENSER-STAINLESS-STEEL.htm
PS16554968,REFRIGERATOR DOOR - LEFT HAND STAINLESS STEEL WR78X37452,GE,Refrigerator,https://www.partselect.com/PS16554968-GE-WR78X37452-REFRIGERATOR-DOOR-LEFT-HAND-STAINLESS-STEEL.htm
PS16554973,REFRIGERATOR DOOR - LEFT HAND DISPENSER STAINLESS STEEL WR78X37467,GE,,https://www.partselect.com/PS16554973-GE-WR78X37467-REFRIGERATOR-DOOR-LEFT-HAND-DISPENSER-STAINLESS-STEEL.htm
PS16554985,Refrigerator Evaporator w/ Heater WR87X36103,GE,"Refrigerator, Range",https://www.partselect.com/PS16554985-GE-WR87X36103-Refrigerator-Evaporator-w-Heater.htm
PS16556076,Refrigerator Water Filter 11034152,Bosch,"Freezer, Refrigerator",https://www.partselect.com/PS16556076-Bosch-11034152-Refrigerator-Water-Filter.htm
PS16591805,Refrigerator shelf assembly WR32X38025,GE,Refrigerator,https://www.partselect.com/PS16591805-GE-WR32X38025-Refrigerator-shelf-assembly.htm
PS16591806,Refrigerator shelf assembly WR32X38026,GE,Refrigerator,https://www.partselect.com/PS16591806-GE-WR32X38026-Refrigerator-shelf-assembly.htm
PS16591837,Refrigerator heater and harness WR55X36090,GE,Refrigerator,https://www.partselect.com/PS16591837-GE-WR55X36090-Refrigerator-heater-and-harness.htm
PS16619486,REFRIGERATOR HANDLE - BLACK WR12X38770,GE,,https://www.partselect.com/PS16619486-GE-WR12X38770-REFRIGERATOR-HANDLE-BLACK.htm
PS16619488,REFRIGERATOR HANDLE - WHITE WR12X38778,GE,Refrigerator,https://www.partselect.com/PS16619488-GE-WR12X38778-REFRIGERATOR-HANDLE-WHITE.htm
PS16619524,REFRIGERATOR DOOR GASKET WR14X36433,GE,,https://www.partselect.com/PS16619524-GE-WR14X36433-REFRIGERATOR-DOOR-GASKET.htm
PS16619583,REFRIGERATOR DOOR BIN WR71X37787,GE,Refrigerator,https://www.partselect.com/PS16619583-GE-WR71X37787-REFRIGERATOR-DOOR-BIN.htm
PS16619584,BOTTOM REFRIGERATOR DOOR BIN WR71X37788,GE,Refrigerator,https://www.partselect.com/PS16619584-GE-WR71X37788-BOTTOM-REFRIGERATOR-DOOR-BIN.htm
PS16659920,BRUSHED STAINLESS REFRIGERATOR HANDLE WR12X40046,GE,Refrigerator,https://www.partselect.com/PS16659920-GE-WR12X40046-BRUSHED-STAINLESS-REFRIGERATOR-HANDLE.htm
PS16661522,Refrigerator Shelf Cover ACQ30341209,LG,Refrigerator,https://www.partselect.com/PS16661522-LG-ACQ30341209-Refrigerator-Shelf-Cover.htm
PS16662122,"SHELF ASSEMBLY,REFRIGERATOR AHT75335101",LG,Refrigerator,https://www.partselect.com/PS16662122-LG-AHT75335101-SHELF-ASSEMBLY-REFRIGERATOR.htm
PS16662123,"SHELF ASSEMBLY,REFRIGERATOR AHT75335102",LG,Refrigerator,https://www.partselect.com/PS16662123-LG-AHT75335102-SHELF-ASSEMBLY-REFRIGERATOR.htm
PS16662125,"SHELF ASSEMBLY,REFRIGERATOR AHT75335104",LG,Refrigerator,https://www.partselect.com/PS16662125-LG-AHT75335104-SHELF-ASSEMBLY-REFRIGERATOR.htm
PS16662126,"SHELF ASSEMBLY,REFRIGERATOR AHT75335105",LG,Refrigerator,https://www.partselect.com/PS16662126-LG-AHT75335105-SHELF-ASSEMBLY-REFRIGERATOR.htm
PS16662127,"SHELF ASSEMBLY,REFRIGERATOR AHT75335106",LG,Refrigerator,https://www.partselect.com/PS16662127-LG-AHT75335106-SHELF-ASSEMBLY-REFRIGERATOR.htm
PS16662129,"SHELF ASSEMBLY,REFRIGERATOR AHT75335108",LG,,https://www.partselect.com/PS16662129-LG-AHT75335108-SHELF-ASSEMBLY-REFRIGERATOR.htm
PS16662422,Refrigerator DC Motor Assembly EAU65058502,LG,Refrigerator,https://www.partselect.com/PS16662422-LG-EAU65058502-Refrigerator-DC-Motor-Assembly.htm
PS16729688,REFRIGERATOR HEAT PROBE WR02X36092,GE,,https://www.partselect.com/PS16729688-GE-WR02X36092-REFRIGERATOR-HEAT-PROBE.htm
PS16729839,REFRIGERATOR COMPRESSOR KIT WR87X28786,GE,Refrigerator,https://www.partselect.com/PS16729839-GE-WR87X28786-REFRIGERATOR-COMPRESSOR-KIT.htm
PS16735751,Rail Holder Dishwasher DD61-00526B,Samsung,"Dishwasher, Washer",https://www.partselect.com/PS16735751-Samsung-DD61-00526B-Rail-Holder-Dishwasher.htm
PS16743574,"REFRIGERATOR INSTALLATION HARDWARE 36"" WR02X39539",GE,Refrigerator,https://www.partselect.com/PS16743574-GE-WR02X39539-REFRIGERATOR-INSTALLATION-HARDWARE-36.htm
PS16743603,Refrigerator Door Gasket (Grey) WR14X40082,GE,Refrigerator,https://www.partselect.com/PS16743603-GE-WR14X40082-Refrigerator-Door-Gasket-Grey.htm
PS16743651,REFRIGERATOR MAIN CONTROL BOARD WR55X41845,GE,Refrigerator,https://www.partselect.com/PS16743651-GE-WR55X41845-REFRIGERATOR-MAIN-CONTROL-BOARD.htm
PS16746344,"SHELF ASSEMBLY,REFRIGERATOR AHT75335112",LG,Refrigerator,https://www.partselect.com/PS16746344-LG-AHT75335112-SHELF-ASSEMBLY-REFRIGERATOR.htm
PS16874489,DARK GRAY REFRIGERATOR SHELF WR32X39045,GE,Refrigerator,https://www.partselect.com/PS16874489-GE-WR32X39045-DARK-GRAY-REFRIGERATOR-SHELF.htm
PS17134679,Refrigerator Door Gasket - Grey WR14X40080,GE,Refrigerator,https://www.partselect.com/PS17134679-GE-WR14X40080-Refrigerator-Door-Gasket-Grey.htm
PS17134680,Refrigerator Door Gasket - Grey WR14X40084,GE,Refrigerator,https://www.partselect.com/PS17134680-GE-WR14X40084-Refrigerator-Door-Gasket-Grey.htm
PS17139735,Refrigerator Gasket (Dorian Gray) WR14X42866,GE,Refrigerator,https://www.partselect.com/PS17139735-GE-WR14X42866-Refrigerator-Gasket-Dorian-Gray.htm
PS17139830,REFRIGERATOR MAIN CONTROL BOAR WR55X43825,GE,Refrigerator,https://www.partselect.com/PS17139830-GE-WR55X43825-REFRIGERATOR-MAIN-CONTROL-BOAR.htm
PS17139831,REFRIGERATOR DOOR BOARD WR55X44125,GE,Refrigerator,https://www.partselect.com/PS17139831-GE-WR55X44125-REFRIGERATOR-DOOR-BOARD.htm
PS17203979,REFRIGERATOR FREEZER DOOR LW10691266,Whirlpool,Refrigerator,https://www.partselect.com/PS17203979-Whirlpool-LW10691266-REFRIGERATOR-FREEZER-DOOR.htm
PS17216393,40 WATT REFRIGERATOR BULB W11679940,Whirlpool,"Refrigerator, Freezer",https://www.partselect.com/PS17216393-Whirlpool-W11679940-40-WATT-REFRIGERATOR-BULB.htm
PS1726261,Refrigerator Double Outlet Valve Kit R0175017,Whirlpool,Refrigerator,https://www.partselect.com/PS1726261-Whirlpool-R0175017-Refrigerator-Double-Outlet-Valve-Kit.htm
PS17537649,Refrigerator Water Filter HAF-CU1/XAA,Samsung,Refrigerator,https://www.partselect.com/PS17537649-Samsung-HAF-CU1-XAA-Refrigerator-Water-Filter.htm
PS17537652,Refrigerator Water Filter HAF-QIN/EXP,Samsung,Refrigerator,https://www.partselect.com/PS17537652-Samsung-HAF-QIN-EXP-Refrigerator-Water-Filter.htm
PS1765305,Refrigerator Door Bin 241808201,Frigidaire,Refrigerator,https://www.partselect.com/PS1765305-Frigidaire-241808201-Refrigerator-Door-Bin.htm
PS1765711,Refrigerator Air Filter AFCB,Frigidaire,"Refrigerator, Freezer",https://www.partselect.com/PS1765711-Frigidaire-AFCB-Refrigerator-Air-Filter.htm
PS1766053,Refrigerator Spring Deflector Int. WR02X11768,GE,Refrigerator,https://www.partselect.com/PS1766053-GE-WR02X11768-Refrigerator-Spring-Deflector-Int.htm
PS1766056,Refrigerator Stop Door WR02X12352,GE,Refrigerator,https://www.partselect.com/PS1766056-GE-WR02X12352-Refrigerator-Stop-Door.htm
PS1766142,Refrigerator Door Gasket - Black WR14X10237,GE,Refrigerator,https://www.partselect.com/PS1766142-GE-WR14X10237-Refrigerator-Door-Gasket-Black.htm
PS1766205,Refrigerator Shelf Cant Glass WR32X10606,GE,Refrigerator,https://www.partselect.com/PS1766205-GE-WR32X10606-Refrigerator-Shelf-Cant-Glass.htm
PS1799689,Refrigerator Door Gasket 2319265B,Whirlpool,Refrigerator,https://www.partselect.com/PS1799689-Whirlpool-2319265B-Refrigerator-Door-Gasket.htm
PS18159062,Button 12131000003600,Midea,"Freezer, Refrigerator, Wine and Beverage Cooler",https://www.partselect.com/PS18200943-Midea-501105040016-Refrigerator-Temperature-Control-Knob.htm
PS18159347,Door Gasket Assembly Of Refrigerator 12131000009797,Midea,"Refrigerator, Freezer",https://www.partselect.com/PS18159347-Midea-12131000009797-Door-Gasket-Assembly-Of-Refrigerator.htm
PS18159363,Door Gasket Assembly Of Refrigerator 12131000010001,Midea,Wine and Beverage Cooler,https://www.partselect.com/PS18159363-Midea-12131000010001-Door-Gasket-Assembly-Of-Refrigerator.htm
PS18159402,Door Gasket Assembly Of Refrigerator 12131000010648,Midea,Refrigerator,https://www.partselect.com/PS18159402-Midea-12131000010648-Door-Gasket-Assembly-Of-Refrigerator.htm
PS18159430,End Cap Assembly Of Refrigerator 12131000012865,Midea,Refrigerator,https://www.partselect.com/PS18159430-Midea-12131000012865-End-Cap-Assembly-Of-Refrigerator.htm
PS18159461,Air Duct Assembly Of Refrigerator 12131000013889,Midea,"Refrigerator, Freezer",https://www.partselect.com/PS18159461-Midea-12131000013889-Air-Duct-Assembly-Of-Refrigerator.htm
PS18159497,Door Gasket Assembly Of Refrigerator 12131000016672,Midea,Refrigerator,https://www.partselect.com/PS18159497-Midea-12131000016672-Door-Gasket-Assembly-Of-Refrigerator.htm
PS18159498,Door Gasket Assembly Of Refrigerator 12131000016673,Midea,Refrigerator,https://www.partselect.com/PS18159498-Midea-12131000016673-Door-Gasket-Assembly-Of-Refrigerator.htm
PS18159499,Door Gasket Assembly Of Refrigerator 12131000016674,Midea,Refrigerator,https://www.partselect.com/PS18159499-Midea-12131000016674-Door-Gasket-Assembly-Of-Refrigerator.htm
PS18159500,Air Duct Assembly Of Refrigerator 12131000016978,Midea,Refrigerator,https://www.partselect.com/PS18159500-Midea-12131000016978-Air-Duct-Assembly-Of-Refrigerator.htm
PS18159507,Door Handles Assembly Of Refrigerator 12131000017488,Midea,Refrigerator,https://www.partselect.com/PS18159507-Midea-12131000017488-Door-Handles-Assembly-Of-Refrigerator.htm
PS18159758,Door Gasket Assembly Of Refrigerator 12131000056144,Midea,Refrigerator,https://www.partselect.com/PS18159758-Midea-12131000056144-Door-Gasket-Assembly-Of-Refrigerator.htm
PS18159773,Drawer Assembly Of Refrigerator 12131000057248,Midea,Refrigerator,https://www.partselect.com/PS18159773-Midea-12131000057248-Drawer-Assembly-Of-Refrigerator.htm
PS18159815,Door Gasket Assembly Of Refrigerator 12131000073491,Midea,Refrigerator,https://www.partselect.com/PS18159815-Midea-12131000073491-Door-Gasket-Assembly-Of-Refrigerator.htm
PS18159859,End Cap Assembly Of Refrigerator 12131000074410,Midea,Refrigerator,https://www.partselect.com/PS18159859-Midea-12131000074410-End-Cap-Assembly-Of-Refrigerator.htm
PS18159908,Left Holder(Left Side Refrigerator Middle Door Bin Brackets Pictured) 12131000075029,Midea,Refrigerator,https://www.partselect.com/PS18159908-Midea-12131000075029-Left-Holder-Left-Side-Refrigerator-Middle-Door-Bin-Brackets-Pictured.htm
PS18160581,Air Duct Assembly Of Refrigerator 12131000A04241,Midea,Refrigerator,https://www.partselect.com/PS18160581-Midea-12131000A04241-Air-Duct-Assembly-Of-Refrigerator.htm
PS18169567,Glass Shelf Assembly Of Refrigerator 12531000000920,Midea,Refrigerator,https://www.partselect.com/PS18169567-Midea-12531000000920-Glass-Shelf-Assembly-Of-Refrigerator.htm
PS18169573,Glass Shelf Assembly Of Refrigerator 12531000001013,Midea,Refrigerator,https://www.partselect.com/PS18169573-Midea-12531000001013-Glass-Shelf-Assembly-Of-Refrigerator.htm
PS18169574,Glass Shelf Assembly Of Refrigerator 12531000001025,Midea,Refrigerator,https://www.partselect.com/PS18169574-Midea-12531000001025-Glass-Shelf-Assembly-Of-Refrigerator.htm
PS18169577,Glass Shelf Components Of Refrigerator 12531000001055,Midea,Refrigerator,https://www.partselect.com/PS18169577-Midea-12531000001055-Glass-Shelf-Components-Of-Refrigerator.htm
PS18169583,Glass Shelf Assembly Of Refrigerator 12531000001157,Midea,Refrigerator,https://www.partselect.com/PS18169583-Midea-12531000001157-Glass-Shelf-Assembly-Of-Refrigerator.htm
PS18169587,Glass Shelf Assembly Of Refrigerator 12531000001214,Midea,Wine and Beverage Cooler,https://www.partselect.com/PS18169587-Midea-12531000001214-Glass-Shelf-Assembly-Of-Refrigerator.htm
PS18169596,Glass Shelf Assembly Of Refrigerator 12531000001345,Midea,Refrigerator,https://www.partselect.com/PS18169596-Midea-12531000001345-Glass-Shelf-Assembly-Of-Refrigerator.htm
PS18169615,Glass Shelf Assembly Of Refrigerator 12531000002589,Midea,Refrigerator,https://www.partselect.com/PS18169615-Midea-12531000002589-Glass-Shelf-Assembly-Of-Refrigerator.htm
PS18169656,Glass Shelf Assembly Of Refrigerator 12531000013017,Midea,Refrigerator,https://www.partselect.com/PS18169656-Midea-12531000013017-Glass-Shelf-Assembly-Of-Refrigerator.htm
PS18169660,Glass Shelf Assembly Of Refrigerator 12531000013576,Midea,Refrigerator,https://www.partselect.com/PS18169660-Midea-12531000013576-Glass-Shelf-Assembly-Of-Refrigerator.htm
PS18169676,Glass Shelf Assembly Of Refrigerator 12531000015196,Midea,Refrigerator,https://www.partselect.com/PS18169676-Midea-12531000015196-Glass-Shelf-Assembly-Of-Refrigerator.htm
PS18169677,Glass Shelf Components Of Refrigerator 12531000015197,Midea,Refrigerator,https://www.partselect.com/PS18169677-Midea-12531000015197-Glass-Shelf-Components-Of-Refrigerator.htm
PS18169683,Glass Shelf Assembly Of Refrigerator 12531000015903,Midea,Refrigerator,https://www.partselect.com/PS18169683-Midea-12531000015903-Glass-Shelf-Assembly-Of-Refrigerator.htm
PS18169762,Glass Shelf Assembly Of Refrigerator 12531000A00501,Midea,Refrigerator,https://www.partselect.com/PS18169762-Midea-12531000A00501-Glass-Shelf-Assembly-Of-Refrigerator.htm
PS18171430,Refrigerator Door Assembly 12831000001016,Midea,"Refrigerator, Freezer",https://www.partselect.com/PS18171430-Midea-12831000001016-Refrigerator-Door-Assembly.htm
PS18171599,Refrigerator Left Door Assembly 12831000009882,Midea,Refrigerator,https://www.partselect.com/PS18171599-Midea-12831000009882-Refrigerator-Left-Door-Assembly.htm
PS18171617,Refrigerator Door Assembly 12831000011204,Midea,Refrigerator,https://www.partselect.com/PS18171617-Midea-12831000011204-Refrigerator-Door-Assembly.htm
PS18171620,Refrigerator Door Assembly 12831000012741,Midea,Refrigerator,https://www.partselect.com/PS18171620-Midea-12831000012741-Refrigerator-Door-Assembly.htm
PS18172279,Steel Wire Shelf Of Refrigerator 12931000000115,Midea,Refrigerator,https://www.partselect.com/PS18172279-Midea-12931000000115-Steel-Wire-Shelf-Of-Refrigerator.htm
PS18182291,Refrigerator Air Duct Foaming Assembly 16331000013621,Midea,Refrigerator,https://www.partselect.com/PS18182291-Midea-16331000013621-Refrigerator-Air-Duct-Foaming-Assembly.htm
PS18241743,DISHWASHER TOUCH-UP PAINT 72017,Midea,,https://www.partselect.com/PS18241743-Midea-72017-DISHWASHER-TOUCH-UP-PAINT.htm
PS19419004,GASKET 12131000093602,Midea,,https://www.partselect.com/PS18159382-Midea-12131000010298-Door-Gasket-Assembly-Of-Refrigerator.htm
PS2002827,Refrigerator Defrost Kit 12001028,Whirlpool,Refrigerator,https://www.partselect.com/PS2002827-Whirlpool-12001028-Refrigerator-Defrost-Kit.htm
PS2003487,Refrigerator Door Inner Panel - White 12002002,Whirlpool,Refrigerator,https://www.partselect.com/PS2003487-Whirlpool-12002002-Refrigerator-Door-Inner-Panel-White.htm
PS2003553,Refrigerator Flipper Assembly 12002082,Whirlpool,Refrigerator,https://www.partselect.com/PS2003553-Whirlpool-12002082-Refrigerator-Flipper-Assembly.htm
PS2003734,Refrigerator Closer 12002311,Whirlpool,Refrigerator,https://www.partselect.com/PS2003734-Whirlpool-12002311-Refrigerator-Closer.htm
PS2060516,Refrigerator Door Front Pick-Off Shelf 61005136,Whirlpool,Refrigerator,https://www.partselect.com/PS2060516-Whirlpool-61005136-Refrigerator-Door-Front-Pick-Off-Shelf.htm
PS2068569,Refrigerator Door Bucket - Medium 67004748,Whirlpool,Refrigerator,https://www.partselect.com/PS2068569-Whirlpool-67004748-Refrigerator-Door-Bucket-Medium.htm
PS2073412,Refrigerator Door Handle Kit 69168-5,Whirlpool,Refrigerator,https://www.partselect.com/PS2073412-Whirlpool-69168-5-Refrigerator-Door-Handle-Kit.htm
PS2123362,Refrigerator Compressor Overload Protector DA34-10003S,Whirlpool,Refrigerator,https://www.partselect.com/PS2123362-Whirlpool-DA34-10003S-Refrigerator-Compressor-Overload-Protector.htm
PS2180251,Dishwasher Conversion Kit W10175931,Whirlpool,Dishwasher,https://www.partselect.com/PS2180251-Whirlpool-W10175931-Dishwasher-Conversion-Kit.htm
PS2191209,Refrigerator Screw Y015627,Whirlpool,"Refrigerator, Washer, Washer Dryer Combo, Freezer",https://www.partselect.com/PS2191209-Whirlpool-Y015627-Refrigerator-Screw.htm
PS2322799,Refrigerator Door Bin WR02X12664,GE,Refrigerator,https://www.partselect.com/PS2322799-GE-WR02X12664-Refrigerator-Door-Bin.htm
PS2323273,Refrigerator Door Gasket - Grey WR24X10201,GE,Refrigerator,https://www.partselect.com/PS2323273-GE-WR24X10201-Refrigerator-Door-Gasket-Grey.htm
PS2323691,Refrigerator Door Handle - White 13004701W,Whirlpool,Refrigerator,https://www.partselect.com/PS2323691-Whirlpool-13004701W-Refrigerator-Door-Handle-White.htm
PS2331218,Dishwasher Circulation Pump Mounting Plate 154677101,Frigidaire,Dishwasher,https://www.partselect.com/PS2331218-Frigidaire-154677101-Dishwasher-Circulation-Pump-Mounting-Plate.htm
PS2331375,Refrigerator Control Box 240368002,Frigidaire,Refrigerator,https://www.partselect.com/PS2331375-Frigidaire-240368002-Refrigerator-Control-Box.htm
PS2331948,Refrigerator Door Gasket 241872508,Frigidaire,Refrigerator,https://www.partselect.com/PS2331948-Frigidaire-241872508-Refrigerator-Door-Gasket.htm
PS2338062,Refrigerator Gasket Shield Lower WR14X10253,GE,Refrigerator,https://www.partselect.com/PS2338062-GE-WR14X10253-Refrigerator-Gasket-Shield-Lower.htm
PS2338108,Refrigerator Pantry Drawer WR32X10670,GE,Refrigerator,https://www.partselect.com/PS2338108-GE-WR32X10670-Refrigerator-Pantry-Drawer.htm
PS2340317,Refrigerator Flipper Assembly WR17X12584,GE,Refrigerator,https://www.partselect.com/PS2340317-GE-WR17X12584-Refrigerator-Flipper-Assembly.htm
PS2340561,Refrigerator Door Assembly - Stainless Steel - Right Side WR78X12219,GE,Refrigerator,https://www.partselect.com/PS2340561-GE-WR78X12219-Refrigerator-Door-Assembly-Stainless-Steel-Right-Side.htm
PS2344852,Refrigerator Light Lens W10204930,Whirlpool,"Refrigerator, Wine and Beverage Cooler",https://www.partselect.com/PS2344852-Whirlpool-W10204930-Refrigerator-Light-Lens.htm
PS2345752,Refrigerator Compressor Start Relay WR07X10099,GE,Refrigerator,https://www.partselect.com/PS2345752-GE-WR07X10099-Refrigerator-Compressor-Start-Relay.htm
PS2350624,Refrigerator Door Stop 241868401,Frigidaire,Refrigerator,https://www.partselect.com/PS2350624-Frigidaire-241868401-Refrigerator-Door-Stop.htm
PS2350645,Refrigerator Grille/Kickplate 241930301,Frigidaire,Refrigerator,https://www.partselect.com/PS2350645-Frigidaire-241930301-Refrigerator-Grille-Kickplate.htm
PS2353862,Dishwasher Valve Flapper Dual Pump WD01X10406,GE,Dishwasher,https://www.partselect.com/PS2353862-GE-WD01X10406-Dishwasher-Valve-Flapper-Dual-Pump.htm
PS2355527,Refrigerator Door Gasket - Grey W10249195,Whirlpool,Refrigerator,https://www.partselect.com/PS2355527-Whirlpool-W10249195-Refrigerator-Door-Gasket-Grey.htm
PS2359484,Refrigerator Trim 5304471620,Frigidaire,Refrigerator,https://www.partselect.com/PS2359484-Frigidaire-5304471620-Refrigerator-Trim.htm
PS2359937,Refrigerator Dispenser Ice Chute Door and Funnel Assembly WR13X10737,GE,Refrigerator,https://www.partselect.com/PS2359937-GE-WR13X10737-Refrigerator-Dispenser-Ice-Chute-Door-and-Funnel-Assembly.htm
PS2359941,Refrigerator Water Reservoir Assembly WR17X12741,GE,Refrigerator,https://www.partselect.com/PS2359941-GE-WR17X12741-Refrigerator-Water-Reservoir-Assembly.htm
PS2361214,Refrigerator Crisper Drawer 240351061,Frigidaire,Refrigerator,https://www.partselect.com/PS2361214-Frigidaire-240351061-Refrigerator-Crisper-Drawer.htm
PS2361217,Refrigerator Lower Crisper Drawer 240351240,Frigidaire,Refrigerator,https://www.partselect.com/PS2361217-Frigidaire-240351240-Refrigerator-Lower-Crisper-Drawer.htm
PS2361223,Refrigerator SPILL-SAFE SHELF 240355261,Frigidaire,Refrigerator,https://www.partselect.com/PS2361223-Frigidaire-240355261-Refrigerator-SPILL-SAFE-SHELF.htm
PS2361255,Refrigerator Basket Retainer 241824201,Frigidaire,Refrigerator,https://www.partselect.com/PS2361255-Frigidaire-241824201-Refrigerator-Basket-Retainer.htm
PS2363600,Refrigerator Crisper Drawer Cover 240364787,Frigidaire,Refrigerator,https://www.partselect.com/PS2363600-Frigidaire-240364787-Refrigerator-Crisper-Drawer-Cover.htm
PS2363673,Refrigerator Magnet 241812202,Frigidaire,Refrigerator,https://www.partselect.com/PS2363673-Frigidaire-241812202-Refrigerator-Magnet.htm
PS2363741,Refrigerator ICE CONTAINER Assembly 241860810,Frigidaire,Refrigerator,https://www.partselect.com/PS2363741-Frigidaire-241860810-Refrigerator-ICE-CONTAINER-Assembly.htm
PS2363756,Refrigerator Ice Container Assembly 241914703,Frigidaire,Refrigerator,https://www.partselect.com/PS2363756-Frigidaire-241914703-Refrigerator-Ice-Container-Assembly.htm
PS2363832,Refrigerator Shelf Frame (Glass not included) 241969501,Frigidaire,Refrigerator,https://www.partselect.com/PS2363832-Frigidaire-241969501-Refrigerator-Shelf-Frame-Glass-not-included.htm
PS2364646,Refrigerator Water Filter ULTRAWF,Frigidaire,Refrigerator,https://www.partselect.com/PS2364646-Frigidaire-ULTRAWF-Refrigerator-Water-Filter.htm
PS2364914,Refrigerator Door Gasket Fz WR24X10227,GE,Refrigerator,https://www.partselect.com/PS2364914-GE-WR24X10227-Refrigerator-Door-Gasket-Fz.htm
PS2368125,Refrigerator Dispenser Drip Tray 241912301,Frigidaire,Refrigerator,https://www.partselect.com/PS2368125-Frigidaire-241912301-Refrigerator-Dispenser-Drip-Tray.htm
PS2369294,Refrigerator Ice Stripper 5304473031,Frigidaire,Refrigerator,https://www.partselect.com/PS2369294-Frigidaire-5304473031-Refrigerator-Ice-Stripper.htm
PS2370502,Dishwasher Rack Slide End Cap WD12X10304,GE,Dishwasher,https://www.partselect.com/PS2370502-GE-WD12X10304-Dishwasher-Rack-Slide-End-Cap.htm
PS2371088,Refrigerator Door Gasket WR24X10238,GE,Refrigerator,https://www.partselect.com/PS2371088-GE-WR24X10238-Refrigerator-Door-Gasket.htm
PS2371182,Refrigerator Door Bin WR71X10875,GE,Refrigerator,https://www.partselect.com/PS2371182-GE-WR71X10875-Refrigerator-Door-Bin.htm
PS2371186,Refrigerator Glass Shelf Assembly WR71X10902,GE,Refrigerator,https://www.partselect.com/PS2371186-GE-WR71X10902-Refrigerator-Glass-Shelf-Assembly.htm
PS2371384,Cerama Bryte Refrigerator Cleaner - 16 oz WX10X10206,GE,Refrigerator,https://www.partselect.com/PS2371384-GE-WX10X10206-Cerama-Bryte-Refrigerator-Cleaner-16-oz.htm
PS2371539,Refrigerator Screw 12991101,Whirlpool,"Refrigerator, Microwave, Range, Cooktop",https://www.partselect.com/PS2371539-Whirlpool-12991101-Refrigerator-Screw.htm
PS2373428,Refrigerator Hinge Bearing 242015302,Frigidaire,Refrigerator,https://www.partselect.com/PS2373428-Frigidaire-242015302-Refrigerator-Hinge-Bearing.htm
PS2374709,Refrigerator Door Gasket WR14X10316,GE,Refrigerator,https://www.partselect.com/PS2374709-GE-WR14X10316-Refrigerator-Door-Gasket.htm
PS2374802,Refrigerator Electronic Control Board WR55X10965,GE,Refrigerator,https://www.partselect.com/PS2374802-GE-WR55X10965-Refrigerator-Electronic-Control-Board.htm
PS2377576,Refrigerator Blade W10278731,Whirlpool,Refrigerator,https://www.partselect.com/PS2377576-Whirlpool-W10278731-Refrigerator-Blade.htm
PS2377578,Refrigerator Blade W10278733,Whirlpool,Refrigerator,https://www.partselect.com/PS2377578-Whirlpool-W10278733-Refrigerator-Blade.htm
PS2379538,Refrigerator Handle Trim 5304475786,Frigidaire,Refrigerator,https://www.partselect.com/PS2379538-Frigidaire-5304475786-Refrigerator-Handle-Trim.htm
PS2577842,Refrigerator Overload Ptcr Combo WR07X10131,GE,Refrigerator,https://www.partselect.com/PS2577842-GE-WR07X10131-Refrigerator-Overload-Ptcr-Combo.htm
PS2577897,Refrigerator Crisper Drawer Cover Frame WR32X10809,GE,Refrigerator,https://www.partselect.com/PS2577897-GE-WR32X10809-Refrigerator-Crisper-Drawer-Cover-Frame.htm
PS2579934,Refrigerator Dispenser Drip Tray W10254258,Whirlpool,Refrigerator,https://www.partselect.com/PS2579934-Whirlpool-W10254258-Refrigerator-Dispenser-Drip-Tray.htm
PS2580853,Refrigerator Air Filter W10311524,Whirlpool,Refrigerator,https://www.partselect.com/PS2580853-Whirlpool-W10311524-Refrigerator-Air-Filter.htm
PS2580944,Refrigerator Thermistor W10316760,Whirlpool,Refrigerator,https://www.partselect.com/PS2580944-Whirlpool-W10316760-Refrigerator-Thermistor.htm
PS258119,Dishwasher Clamp WD01X10103,GE,Dishwasher,https://www.partselect.com/PS258119-GE-WD01X10103-Dishwasher-Clamp.htm
PS2581463,Refrigerator Shelf (Spill Safe) - White 240358926,Frigidaire,Refrigerator,https://www.partselect.com/PS2581463-Frigidaire-240358926-Refrigerator-Shelf-Spill-Safe-White.htm
PS259065,Dishwasher Float WD12X10047,GE,Dishwasher,https://www.partselect.com/PS259065-GE-WD12X10047-Dishwasher-Float.htm
PS259159,Dishwasher Float WD12X334,GE,Dishwasher,https://www.partselect.com/PS259159-GE-WD12X334-Dishwasher-Float.htm
PS259256,Dishwasher Cover Junction Box WD12X448,GE,Dishwasher,https://www.partselect.com/PS259256-GE-WD12X448-Dishwasher-Cover-Junction-Box.htm
PS259411,Dishwasher Water Inlet Valve WD15X93,GE,Dishwasher,https://www.partselect.com/PS259411-GE-WD15X93-Dishwasher-Water-Inlet-Valve.htm
PS259679,Dishwasher Switch Leaf WD1X1363,GE,Dishwasher,https://www.partselect.com/PS259679-GE-WD1X1363-Dishwasher-Switch-Leaf.htm
PS259749,Dishwasher Vent Pad WD1X1467,GE,Dishwasher,https://www.partselect.com/PS259749-GE-WD1X1467-Dishwasher-Vent-Pad.htm
PS260133,Dishwasher Timer - 60  Hz. WD21X10078,GE,Dishwasher,https://www.partselect.com/PS260133-GE-WD21X10078-Dishwasher-Timer-60-Hz.htm
PS261200,Dishwasher Upper Tower Cap WD28X10007,GE,Dishwasher,https://www.partselect.com/PS261200-GE-WD28X10007-Dishwasher-Upper-Tower-Cap.htm
PS261466,Dishwasher Screw WD2X296,GE,Dishwasher,https://www.partselect.com/PS261466-GE-WD2X296-Dishwasher-Screw.htm
PS261505,Dishwasher Screw WD2X448,GE,Dishwasher,https://www.partselect.com/PS261505-GE-WD2X448-Dishwasher-Screw.htm
PS270806,Dishwasher Hose Clamp Kit WH1X2036,GE,"Dishwasher, Washer, Air Conditioner, Washer Dryer Combo",https://www.partselect.com/PS270806-GE-WH1X2036-Dishwasher-Hose-Clamp-Kit.htm
PS283472,Refrigerator Screw WR01X10019,GE,Refrigerator,https://www.partselect.com/PS283472-GE-WR01X10019-Refrigerator-Screw.htm
PS283653,Refrigerator Pan Cover WR01X10209,GE,Refrigerator,https://www.partselect.com/PS283653-GE-WR01X10209-Refrigerator-Pan-Cover.htm
PS284999,Refrigerator Temperature Control Knob WR02X10570,GE,Refrigerator,https://www.partselect.com/PS284999-GE-WR02X10570-Refrigerator-Temperature-Control-Knob.htm
PS285058,Refrigerator Cam Closure Ff (White) WR02X10637,GE,Refrigerator,https://www.partselect.com/PS285058-GE-WR02X10637-Refrigerator-Cam-Closure-Ff-White.htm
PS285067,Refrigerator Temperature Sensor Cover WR02X10647,GE,"Refrigerator, Freezer",https://www.partselect.com/PS285067-GE-WR02X10647-Refrigerator-Temperature-Sensor-Cover.htm
PS285083,Refrigerator Electronic Control Board Post WR02X10663,GE,Refrigerator,https://www.partselect.com/PS285083-GE-WR02X10663-Refrigerator-Electronic-Control-Board-Post.htm
PS285112,Refrigerator Wheel Mobility WR02X10695,GE,Refrigerator,https://www.partselect.com/PS285112-GE-WR02X10695-Refrigerator-Wheel-Mobility.htm
PS285190,Refrigerator Door Closing Cam WR02X10779,GE,Refrigerator,https://www.partselect.com/PS285190-GE-WR02X10779-Refrigerator-Door-Closing-Cam.htm
PS285222,Refrigerator Light Bulb WR02X10812,GE,Refrigerator,https://www.partselect.com/PS285222-GE-WR02X10812-Refrigerator-Light-Bulb.htm
PS288209,Refrigerator Control Defrost Module WR09X10032,GE,Refrigerator,https://www.partselect.com/PS288209-GE-WR09X10032-Refrigerator-Control-Defrost-Module.htm
PS289327,Refrigerator Handle Door Assembly Fz Bisq WR12X10453,GE,Refrigerator,https://www.partselect.com/PS289327-GE-WR12X10453-Refrigerator-Handle-Door-Assembly-Fz-Bisq.htm
PS289328,Refrigerator Handle Door Ff Bisque WR12X10454,GE,Refrigerator,https://www.partselect.com/PS289328-GE-WR12X10454-Refrigerator-Handle-Door-Ff-Bisque.htm
PS290894,Refrigerator Pan WR14X10058,GE,Refrigerator,https://www.partselect.com/PS290894-GE-WR14X10058-Refrigerator-Pan.htm
PS291878,Refrigerator Door Shelf Bar WR17X10668,GE,Refrigerator,https://www.partselect.com/PS291878-GE-WR17X10668-Refrigerator-Door-Shelf-Bar.htm
PS300607,Refrigerator Cover Pan Glass WR32X10155,GE,Refrigerator,https://www.partselect.com/PS300607-GE-WR32X10155-Refrigerator-Cover-Pan-Glass.htm
PS304375,Refrigerator Outlet Valve Kit WR57X10033,GE,Refrigerator,https://www.partselect.com/PS304375-GE-WR57X10033-Refrigerator-Outlet-Valve-Kit.htm
PS305187,Refrigerator Door Bin  - Left Side WR71X10140,GE,"Refrigerator, Freezer",https://www.partselect.com/PS305187-GE-WR71X10140-Refrigerator-Door-Bin-Left-Side.htm
PS305277,Refrigerator Door Bin - White WR71X10236,GE,Refrigerator,https://www.partselect.com/PS305277-GE-WR71X10236-Refrigerator-Door-Bin-White.htm
PS310852,Refrigerator Defrost Timer WR9X483,GE,Refrigerator,https://www.partselect.com/PS310852-GE-WR9X483-Refrigerator-Defrost-Timer.htm
PS316579,Refrigerator Cold Control Thermostat 1123394,Whirlpool,Refrigerator,https://www.partselect.com/PS316579-Whirlpool-1123394-Refrigerator-Cold-Control-Thermostat.htm
PS323895,Refrigerator Door Gasket - Beige 2159061,Whirlpool,"Refrigerator, Freezer",https://www.partselect.com/PS323895-Whirlpool-2159061-Refrigerator-Door-Gasket-Beige.htm
PS334497,Refrigerator Two Black Rubber Fill Hoses 285363,Whirlpool,"Refrigerator, Water Heater",https://www.partselect.com/PS334497-Whirlpool-285363-Refrigerator-Two-Black-Rubber-Fill-Hoses.htm
PS3406172,Dishwasher Cover Front Long Bk WD27X10255,GE,Dishwasher,https://www.partselect.com/PS3406172-GE-WD27X10255-Dishwasher-Cover-Front-Long-Bk.htm
PS3407200,Refrigerator Dispenser Drip Tray W10254259,Whirlpool,Refrigerator,https://www.partselect.com/PS3407200-Whirlpool-W10254259-Refrigerator-Dispenser-Drip-Tray.htm
PS3408470,Refrigerator Crisper Pan 241801801,Frigidaire,Refrigerator,https://www.partselect.com/PS3408470-Frigidaire-241801801-Refrigerator-Crisper-Pan.htm
PS3408496,Refrigerator Upper Hinge Cover 241862405,Frigidaire,Refrigerator,https://www.partselect.com/PS3408496-Frigidaire-241862405-Refrigerator-Upper-Hinge-Cover.htm
PS3408692,Refrigerator Shelf 242068701,Frigidaire,Refrigerator,https://www.partselect.com/PS3408692-Frigidaire-242068701-Refrigerator-Shelf.htm
PS3412249,Refrigerator Freezer Thermometer L304432837,Frigidaire,"Refrigerator, Freezer",https://www.partselect.com/PS3412249-Frigidaire-L304432837-Refrigerator-Freezer-Thermometer.htm
PS3412266,Refrigerator Water Filter WF3CB,Frigidaire,Refrigerator,https://www.partselect.com/PS3412266-Frigidaire-WF3CB-Refrigerator-Water-Filter.htm
PS3417694,Refrigerator Shelf WR17X12830,GE,Refrigerator,https://www.partselect.com/PS3417694-GE-WR17X12830-Refrigerator-Shelf.htm
PS3417702,Refrigerator Door Shelf Bin WR71X10959,GE,Refrigerator,https://www.partselect.com/PS3417702-GE-WR71X10959-Refrigerator-Door-Shelf-Bin.htm
PS3419013,Dishwasher Electronic Control Board 154815701,Frigidaire,Dishwasher,https://www.partselect.com/PS3419013-Frigidaire-154815701-Dishwasher-Electronic-Control-Board.htm
PS3486933,Dishwasher Electronic Control Board Assembly WD21X10408,GE,Dishwasher,https://www.partselect.com/PS3486933-GE-WD21X10408-Dishwasher-Electronic-Control-Board-Assembly.htm
PS3486939,Dishwasher Pump w/Screws WD26X10049,GE,Dishwasher,https://www.partselect.com/PS3486939-GE-WD26X10049-Dishwasher-Pump-w-Screws.htm
PS3487688,Refrigerator Thimble Door WR01X10955,GE,Refrigerator,https://www.partselect.com/PS3487688-GE-WR01X10955-Refrigerator-Thimble-Door.htm
PS3487801,Refrigerator Freezer Door Gasket WR14X10350,GE,Refrigerator,https://www.partselect.com/PS3487801-GE-WR14X10350-Refrigerator-Freezer-Door-Gasket.htm
PS3487846,Refrigerator Grill Recess WR17X12873,GE,Refrigerator,https://www.partselect.com/PS3487846-GE-WR17X12873-Refrigerator-Grill-Recess.htm
PS3487856,Refrigerator Recess WR17X12884,GE,Refrigerator,https://www.partselect.com/PS3487856-GE-WR17X12884-Refrigerator-Recess.htm
PS3487976,Refrigerator Dispenser Membrane Switch WR55X11042,GE,Refrigerator,https://www.partselect.com/PS3487976-GE-WR55X11042-Refrigerator-Dispenser-Membrane-Switch.htm
PS3487992,Refrigerator Evaporator Fan Motor WR60X10318,GE,Refrigerator,https://www.partselect.com/PS3487992-GE-WR60X10318-Refrigerator-Evaporator-Fan-Motor.htm
PS3489573,Refrigerator Freezer Bin W10322533,Whirlpool,Refrigerator,https://www.partselect.com/PS3489573-Whirlpool-W10322533-Refrigerator-Freezer-Bin.htm
PS3492969,Refrigerator Anti Twist Buck Pin 242095501,Frigidaire,Refrigerator,https://www.partselect.com/PS3492969-Frigidaire-242095501-Refrigerator-Anti-Twist-Buck-Pin.htm
PS3495507,Refrigerator Insulation 242096001,Frigidaire,Refrigerator,https://www.partselect.com/PS3495507-Frigidaire-242096001-Refrigerator-Insulation.htm
PS3497799,Refrigerator Crisper Drawer Support - Left 242079401,Frigidaire,Refrigerator,https://www.partselect.com/PS3497799-Frigidaire-242079401-Refrigerator-Crisper-Drawer-Support-Left.htm
PS3497800,Refrigerator Crisper Drawer Support - Right 242079402,Frigidaire,Refrigerator,https://www.partselect.com/PS3497800-Frigidaire-242079402-Refrigerator-Crisper-Drawer-Support-Right.htm
PS3497806,Refrigerator Housing 242093501,Frigidaire,Refrigerator,https://www.partselect.com/PS3497806-Frigidaire-242093501-Refrigerator-Housing.htm
PS3498128,Dishwasher Switch 5304483463,Frigidaire,Dishwasher,https://www.partselect.com/PS3498128-Frigidaire-5304483463-Dishwasher-Switch.htm
PS3500612,Dishwasher Doorbskt W10360460,Whirlpool,Dishwasher,https://www.partselect.com/PS3500612-Whirlpool-W10360460-Dishwasher-Doorbskt.htm
PS3501031,Dishwasher Circulation Motor & Pump Kit with Harness 154859101,Frigidaire,Dishwasher,https://www.partselect.com/PS3501031-Frigidaire-154859101-Dishwasher-Circulation-Motor-Pump-Kit-with-Harness.htm
PS3503878,Refrigerator Shelf Slideout Fz WR71X10991,GE,Refrigerator,https://www.partselect.com/PS3503878-GE-WR71X10991-Refrigerator-Shelf-Slideout-Fz.htm
PS3504287,Refrigerator Freezer Door Assembly 240410206,Frigidaire,Refrigerator,https://www.partselect.com/PS3504287-Frigidaire-240410206-Refrigerator-Freezer-Door-Assembly.htm
PS3505512,Refrigerator Module Shelf WR71X10979,GE,Refrigerator,https://www.partselect.com/PS3505512-GE-WR71X10979-Refrigerator-Module-Shelf.htm
PS3506782,Dishwasher Detergent Dispenser Pump WD12X10384,GE,Dishwasher,https://www.partselect.com/PS3506782-GE-WD12X10384-Dishwasher-Detergent-Dispenser-Pump.htm
PS3508267,Refrigerator Grille/Kickplategrey 241758708,Frigidaire,Refrigerator,https://www.partselect.com/PS3508267-Frigidaire-241758708-Refrigerator-Grille-Kickplategrey.htm
PS3512913,Refrigerator Door Bin Assembly Small WR13X10609,GE,Refrigerator,https://www.partselect.com/PS3512913-GE-WR13X10609-Refrigerator-Door-Bin-Assembly-Small.htm
PS3513355,Refrigerator Fan Motor WR60X10330,GE,Refrigerator,https://www.partselect.com/PS3513355-GE-WR60X10330-Refrigerator-Fan-Motor.htm
PS3513392,Refrigerator Freezer Slide-Out Shelf WR71X10966,GE,Refrigerator,https://www.partselect.com/PS3513392-GE-WR71X10966-Refrigerator-Freezer-Slide-Out-Shelf.htm
PS3513394,Refrigerator Door Shelf Bin WR71X10973,GE,Refrigerator,https://www.partselect.com/PS3513394-GE-WR71X10973-Refrigerator-Door-Shelf-Bin.htm
PS3517826,Refrigerator Funnel 3016JA2002C,LG,Refrigerator,https://www.partselect.com/PS3517826-LG-3016JA2002C-Refrigerator-Funnel.htm
PS3518282,Refrigerator Lamp Case 3110JJ1014A,LG,"Refrigerator, Freezer",https://www.partselect.com/PS3518282-LG-3110JJ1014A-Refrigerator-Lamp-Case.htm
PS3518978,Refrigerator Meat Assembly Tray 3391JJ2018D,LG,"Refrigerator, Freezer",https://www.partselect.com/PS3518978-LG-3391JJ2018D-Refrigerator-Meat-Assembly-Tray.htm
PS3519924,"Refrigerator Freezer Door Hinge Cover, Left 3550JA2267A",LG,"Refrigerator, Freezer",https://www.partselect.com/PS3519924-LG-3550JA2267A-Refrigerator-Freezer-Door-Hinge-Cover-Left.htm
PS3520002,Refrigerator Crisper Cover/Shelf Frame 3550JJ1033A,LG,Refrigerator,https://www.partselect.com/PS3520002-LG-3550JJ1033A-Refrigerator-Crisper-Cover-Shelf-Frame.htm
PS3522959,Refrigerator Shaft Cam 4430JJ2005A,LG,"Refrigerator, Freezer",https://www.partselect.com/PS3522959-LG-4430JJ2005A-Refrigerator-Shaft-Cam.htm
PS3523325,Refrigerator Evaporator Fan Motor 4681JB1027J,LG,"Refrigerator, Freezer",https://www.partselect.com/PS3523325-LG-4681JB1027J-Refrigerator-Evaporator-Fan-Motor.htm
PS3523338,Refrigerator Auger Motor 4681JJ1001B,LG,Refrigerator,https://www.partselect.com/PS3523338-LG-4681JJ1001B-Refrigerator-Auger-Motor.htm
PS3523509,Refrigerator Hinge Assemblylower 4775JA2113A,LG,Refrigerator,https://www.partselect.com/PS3523509-LG-4775JA2113A-Refrigerator-Hinge-Assemblylower.htm
PS3524193,Dishwasher Holder 4930DD3002A,LG,Dishwasher,https://www.partselect.com/PS3524193-LG-4930DD3002A-Dishwasher-Holder.htm
PS3524273,Refrigerator Water Tubing Clip 4930JA3093A,LG,"Refrigerator, Freezer",https://www.partselect.com/PS3524273-LG-4930JA3093A-Refrigerator-Water-Tubing-Clip.htm
PS3524388,Refrigerator Water Tube Fitting 4932JA3002A,LG,"Refrigerator, Freezer",https://www.partselect.com/PS3524388-LG-4932JA3002A-Refrigerator-Water-Tube-Fitting.htm
PS3524564,Dishwasher Hinge Spring 4970ED4004G,LG,Dishwasher,https://www.partselect.com/PS3524564-LG-4970ED4004G-Dishwasher-Hinge-Spring.htm
PS3524589,Refrigerator Lever Spring 4970JA3011K,LG,"Refrigerator, Freezer",https://www.partselect.com/PS3524589-LG-4970JA3011K-Refrigerator-Lever-Spring.htm
PS3524682,Refrigerator Guiderail 4974JA2040A,LG,Refrigerator,https://www.partselect.com/PS3524682-LG-4974JA2040A-Refrigerator-Guiderail.htm
PS3524749,Dishwasher Water Inlet Guide Assembly 4975DD1001A,LG,Dishwasher,https://www.partselect.com/PS3524749-LG-4975DD1001A-Dishwasher-Water-Inlet-Guide-Assembly.htm
PS3525597,Refrigerator Door Bin 5004JJ0001A,LG,"Refrigerator, Freezer",https://www.partselect.com/PS3525597-LG-5004JJ0001A-Refrigerator-Door-Bin.htm
PS3525611,Refrigerator Door Bin 5004JJ1025A,LG,"Refrigerator, Freezer",https://www.partselect.com/PS3525611-LG-5004JJ1025A-Refrigerator-Door-Bin.htm
PS3526241,Refrigerator Inlet Tube 5040JA2015A,LG,"Refrigerator, Freezer",https://www.partselect.com/PS3526241-LG-5040JA2015A-Refrigerator-Inlet-Tube.htm
PS3527243,Refrigerator Injection Tube 5211JA2003B,LG,"Refrigerator, Freezer",https://www.partselect.com/PS3527243-LG-5211JA2003B-Refrigerator-Injection-Tube.htm
PS3527360,Refrigerator Slide Rail 5218JJ3001A,LG,"Refrigerator, Freezer",https://www.partselect.com/PS3527360-LG-5218JJ3001A-Refrigerator-Slide-Rail.htm
PS3528695,Dishwasher Impeller Assembly 5911ED3003A,LG,Dishwasher,https://www.partselect.com/PS3528695-LG-5911ED3003A-Dishwasher-Impeller-Assembly.htm
PS3529268,Refrigerator Door Switch 6600JB1010A,LG,"Refrigerator, Freezer",https://www.partselect.com/PS3529268-LG-6600JB1010A-Refrigerator-Door-Switch.htm
PS3529278,Refrigerator Micro Switch 6600JB3001F,LG,"Refrigerator, Freezer",https://www.partselect.com/PS3529278-LG-6600JB3001F-Refrigerator-Micro-Switch.htm
PS3529281,Refrigerator Push Button Switch 6600JB3007A,LG,"Refrigerator, Freezer",https://www.partselect.com/PS3529281-LG-6600JB3007A-Refrigerator-Push-Button-Switch.htm
PS3529285,Refrigerator Push Button Switch 6600JB3007K,LG,"Refrigerator, Freezer",https://www.partselect.com/PS3529285-LG-6600JB3007K-Refrigerator-Push-Button-Switch.htm
PS3531705,"Door Foam Assembly,Refrigerator ADD36429802",LG,Refrigerator,https://www.partselect.com/PS3531705-LG-ADD36429802-Door-Foam-Assembly-Refrigerator.htm
PS3532175,"Handle Assembly,Refrigerator AED37082916",LG,"Refrigerator, Freezer",https://www.partselect.com/PS3532175-LG-AED37082916-Handle-Assembly-Refrigerator.htm
PS3532211,"Handle Assembly,Refrigerator AED72952801",LG,"Refrigerator, Freezer",https://www.partselect.com/PS3532211-LG-AED72952801-Handle-Assembly-Refrigerator.htm
PS3533582,Refrigerator Light Board Assembly EAV43060808,LG,"Refrigerator, Freezer",https://www.partselect.com/PS3533582-LG-EAV43060808-Refrigerator-Light-Board-Assembly.htm
PS3534510,Refrigerator Door Basket MAN61844601,LG,Refrigerator,https://www.partselect.com/PS3534510-LG-MAN61844601-Refrigerator-Door-Basket.htm
PS3534647,Refrigerator Dispenser Lever MBG38252601,LG,Refrigerator,https://www.partselect.com/PS3534647-LG-MBG38252601-Refrigerator-Dispenser-Lever.htm
PS3535255,Refrigerator Ice Maker Fill Tube Guide MEA32865501,LG,"Refrigerator, Freezer",https://www.partselect.com/PS3535255-LG-MEA32865501-Refrigerator-Ice-Maker-Fill-Tube-Guide.htm
PS3579675,Refrigerator Door Hinge 4775JJ2011D,LG,"Refrigerator, Freezer",https://www.partselect.com/PS3579675-LG-4775JJ2011D-Refrigerator-Door-Hinge.htm
PS3591904,Refrigerator Water Filter LT600P 5231JA2006F,LG,"Refrigerator, Freezer",https://www.partselect.com/PS3591904-LG-5231JA2006F-Refrigerator-Water-Filter-LT600P.htm
PS3603394,Refrigerator Compressor Overload Protector 6750CL0001D,LG,"Refrigerator, Freezer",https://www.partselect.com/PS3603394-LG-6750CL0001D-Refrigerator-Compressor-Overload-Protector.htm
PS3613457,Refrigerator Door Bin AAP73051302,LG,"Refrigerator, Freezer",https://www.partselect.com/PS3613457-LG-AAP73051302-Refrigerator-Door-Bin.htm
PS3616904,Refrigerator Dispenser Ice Chute Funnel ADW72909803,LG,"Refrigerator, Freezer",https://www.partselect.com/PS3616904-LG-ADW72909803-Refrigerator-Dispenser-Ice-Chute-Funnel.htm
PS3617225,Refrigerator Ice Maker Assembly AEQ72909603,LG,"Refrigerator, Freezer",https://www.partselect.com/PS3617225-LG-AEQ72909603-Refrigerator-Ice-Maker-Assembly.htm
PS3618757,Refrigerator Water Reservoir AJL72911502,LG,"Refrigerator, Freezer",https://www.partselect.com/PS3618757-LG-AJL72911502-Refrigerator-Water-Reservoir.htm
PS3618803,Refrigerator Freezer Drawer AJP72909904,LG,"Refrigerator, Freezer",https://www.partselect.com/PS3618803-LG-AJP72909904-Refrigerator-Freezer-Drawer.htm
PS3624087,Refrigerator Electronic Control Board EBR41531310,LG,"Refrigerator, Freezer",https://www.partselect.com/PS3624087-LG-EBR41531310-Refrigerator-Electronic-Control-Board.htm
PS3632835,Dishwasher Wire Harness W10401501,Whirlpool,Dishwasher,https://www.partselect.com/PS3632835-Whirlpool-W10401501-Dishwasher-Wire-Harness.htm
PS3635016,Refrigerator Lower Cover Assembly 3551JJ1066B,LG,Refrigerator,https://www.partselect.com/PS3635016-LG-3551JJ1066B-Refrigerator-Lower-Cover-Assembly.htm
PS3636131,Refrigerator Ice Maker Assembly Kit 5989JA1005H,LG,Refrigerator,https://www.partselect.com/PS3636131-LG-5989JA1005H-Refrigerator-Ice-Maker-Assembly-Kit.htm
PS3637215,Refrigerator Button Assembly ABH74499601,LG,Refrigerator,https://www.partselect.com/PS3637215-LG-ABH74499601-Refrigerator-Button-Assembly.htm
PS3644972,Refrigerator Temperature Sensor EBG60663207,LG,Refrigerator,https://www.partselect.com/PS3644972-LG-EBG60663207-Refrigerator-Temperature-Sensor.htm
PS3645704,Refrigerator Compressor Control Board EBR65640204,LG,"Refrigerator, Freezer",https://www.partselect.com/PS3645704-LG-EBR65640204-Refrigerator-Compressor-Control-Board.htm
PS3645705,Refrigerator Inverter EBR65640205,LG,Refrigerator,https://www.partselect.com/PS3645705-LG-EBR65640205-Refrigerator-Inverter.htm
PS3648971,Refrigerator Freezer Drawer Slide Rail Adapter MEG62704702,LG,Refrigerator,https://www.partselect.com/PS3648971-LG-MEG62704702-Refrigerator-Freezer-Drawer-Slide-Rail-Adapter.htm
PS3648982,Refrigerator Flipper Guide MEG62780301,LG,Refrigerator,https://www.partselect.com/PS3648982-LG-MEG62780301-Refrigerator-Flipper-Guide.htm
PS3649747,"Refrigerator Freezer Drawer Slide Rail, Right MGT61844108",LG,"Refrigerator, Freezer",https://www.partselect.com/PS3649747-LG-MGT61844108-Refrigerator-Freezer-Drawer-Slide-Rail-Right.htm
PS3649796,Refrigerator Glass Shelf MHL42613229,LG,Refrigerator,https://www.partselect.com/PS3649796-LG-MHL42613229-Refrigerator-Glass-Shelf.htm
PS3651318,Dishwasher Hose W10445975,Whirlpool,Dishwasher,https://www.partselect.com/PS3651318-Whirlpool-W10445975-Dishwasher-Hose.htm
PS3653063,Refrigerator Door Gasket W10355588,Whirlpool,Refrigerator,https://www.partselect.com/PS3653063-Whirlpool-W10355588-Refrigerator-Door-Gasket.htm
PS370794,Refrigerator Door Shelf End Cap 4386917,Whirlpool,Refrigerator,https://www.partselect.com/PS370794-Whirlpool-4386917-Refrigerator-Door-Shelf-End-Cap.htm
PS371829,Refrigerator Door Shelf End Cap Kit 4388286,Whirlpool,Refrigerator,https://www.partselect.com/PS371829-Whirlpool-4388286-Refrigerator-Door-Shelf-End-Cap-Kit.htm
PS372186,Refrigerator Ice Bin Auger Drum 4388736,Whirlpool,Refrigerator,https://www.partselect.com/PS372186-Whirlpool-4388736-Refrigerator-Ice-Bin-Auger-Drum.htm
PS372260,Refrigerator Defrost Board 4388931,Whirlpool,Refrigerator,https://www.partselect.com/PS372260-Whirlpool-4388931-Refrigerator-Defrost-Board.htm
PS373163,Refrigerator Filter 4392945,Whirlpool,,https://www.partselect.com/PS373163-Whirlpool-4392945-Refrigerator-Filter.htm
PS376590,Refrigerator Liner Crack Repair 482395,Whirlpool,Refrigerator,https://www.partselect.com/PS376590-Whirlpool-482395-Refrigerator-Liner-Crack-Repair.htm
PS382738,Dishwasher Gasket 675582,Whirlpool,"Dishwasher, Refrigerator",https://www.partselect.com/PS382738-Whirlpool-675582-Dishwasher-Gasket.htm
PS382742,Dishwasher Door Spring Assembly w/Adjusting Hook 675611,Whirlpool,"Dishwasher, Refrigerator",https://www.partselect.com/PS382742-Whirlpool-675611-Dishwasher-Door-Spring-Assembly-w-Adjusting-Hook.htm
PS395284,Refrigerator Condenser Fan Motor Kit 833697,Whirlpool,"Refrigerator, Freezer",https://www.partselect.com/PS395284-Whirlpool-833697-Refrigerator-Condenser-Fan-Motor-Kit.htm
PS402003,Dishwasher Spring 9741248,Whirlpool,Dishwasher,https://www.partselect.com/PS402003-Whirlpool-9741248-Dishwasher-Spring.htm
PS4082681,Refrigerator Machine Compartment Grille W10321107,Whirlpool,Refrigerator,https://www.partselect.com/PS4082681-Whirlpool-W10321107-Refrigerator-Machine-Compartment-Grille.htm
PS4138288,Refrigerator Evaporator Fan Blade DA31-00016A,Samsung,Refrigerator,https://www.partselect.com/PS4138288-Samsung-DA31-00016A-Refrigerator-Evaporator-Fan-Blade.htm
PS4138378,Refrigerator Evaporator Fan Motor BLDC DA31-00146J,Samsung,Refrigerator,https://www.partselect.com/PS4138378-Samsung-DA31-00146J-Refrigerator-Evaporator-Fan-Motor-BLDC.htm
PS4138652,Refrigerator Temperature Sensor DA32-00033C,Samsung,Refrigerator,https://www.partselect.com/PS4138652-Samsung-DA32-00033C-Refrigerator-Temperature-Sensor.htm
PS4138735,Refrigerator Door Switch DA34-00033B,Samsung,Refrigerator,https://www.partselect.com/PS4138735-Samsung-DA34-00033B-Refrigerator-Door-Switch.htm
PS4138763,Refrigerator Door Light Switch DA34-00066C,Samsung,Refrigerator,https://www.partselect.com/PS4138763-Samsung-DA34-00066C-Refrigerator-Door-Light-Switch.htm
PS4139981,Refrigerator Electronic Control Board DA41-00620D,Samsung,Refrigerator,https://www.partselect.com/PS4139981-Samsung-DA41-00620D-Refrigerator-Electronic-Control-Board.htm
PS4140642,Refrigerator Defrost Thermal Fuse DA47-00301B,Samsung,Refrigerator,https://www.partselect.com/PS4140642-Samsung-DA47-00301B-Refrigerator-Defrost-Thermal-Fuse.htm
PS4140682,Defrost Heater Metal Sheath - Refrigerator DA47-00322H,Samsung,Refrigerator,https://www.partselect.com/PS4140682-Samsung-DA47-00322H-Defrost-Heater-Metal-Sheath-Refrigerator.htm
PS4141967,Refrigerator Water Tube Fitting DA60-00259B,Samsung,Refrigerator,https://www.partselect.com/PS4141967-Samsung-DA60-00259B-Refrigerator-Water-Tube-Fitting.htm
PS4142824,Refrigerator Door Shock Absorber DA61-01044B,Samsung,Refrigerator,https://www.partselect.com/PS4142824-Samsung-DA61-01044B-Refrigerator-Door-Shock-Absorber.htm
PS4144157,Refrigerator Door Reed Switch Magnet DA61-03769A,Samsung,Refrigerator,https://www.partselect.com/PS4144157-Samsung-DA61-03769A-Refrigerator-Door-Reed-Switch-Magnet.htm
PS4144314,Refrigerator Evaporator Drip Pan DA61-04148A,Samsung,Refrigerator,https://www.partselect.com/PS4144314-Samsung-DA61-04148A-Refrigerator-Evaporator-Drip-Pan.htm
PS4144665,Refrigerator Roller DA61-04703A,Samsung,Refrigerator,https://www.partselect.com/PS4144665-Samsung-DA61-04703A-Refrigerator-Roller.htm
PS4144855,Refrigerator Freezer Drawer Slide Rail Upper -Right DA61-05185A,Samsung,Refrigerator,https://www.partselect.com/PS4144855-Samsung-DA61-05185A-Refrigerator-Freezer-Drawer-Slide-Rail-Upper-Right.htm
PS4144940,Refrigerator Ice Maker Shut-Off Arm DA61-05435A,Samsung,Refrigerator,https://www.partselect.com/PS4144940-Samsung-DA61-05435A-Refrigerator-Ice-Maker-Shut-Off-Arm.htm
PS4145055,Refrigerator Defrost Heater Bracket DA61-06031A,Samsung,Refrigerator,https://www.partselect.com/PS4145055-Samsung-DA61-06031A-Refrigerator-Defrost-Heater-Bracket.htm
PS4145114,Refrigerator Handle Bracket DA61-06699A,Samsung,Refrigerator,https://www.partselect.com/PS4145114-Samsung-DA61-06699A-Refrigerator-Handle-Bracket.htm
PS4146924,Refrigerator Water Inlet Valve DA62-02439C,Samsung,Refrigerator,https://www.partselect.com/PS4146924-Samsung-DA62-02439C-Refrigerator-Water-Inlet-Valve.htm
PS4150194,Refrigerator Dispenser Drip Tray DA63-03695A,Samsung,Refrigerator,https://www.partselect.com/PS4150194-Samsung-DA63-03695A-Refrigerator-Dispenser-Drip-Tray.htm
PS4150195,Refrigerator Dispenser Tray DA63-03695B,Samsung,Refrigerator,https://www.partselect.com/PS4150195-Samsung-DA63-03695B-Refrigerator-Dispenser-Tray.htm
PS4150201,Refrigerator Dispenser Ice Chute Cap Gasket DA63-03698A,Samsung,Refrigerator,https://www.partselect.com/PS4150201-Samsung-DA63-03698A-Refrigerator-Dispenser-Ice-Chute-Cap-Gasket.htm
PS4150324,Refrigerator Freezer Door Gasket DA63-03918A,Samsung,Refrigerator,https://www.partselect.com/PS4150324-Samsung-DA63-03918A-Refrigerator-Freezer-Door-Gasket.htm
PS4151307,Refrigerator Filter Cover DA63-05406B,Samsung,Refrigerator,https://www.partselect.com/PS4151307-Samsung-DA63-05406B-Refrigerator-Filter-Cover.htm
PS4151347,Refrigerator Dispenser Drip Tray DA63-05506A,Samsung,Refrigerator,https://www.partselect.com/PS4151347-Samsung-DA63-05506A-Refrigerator-Dispenser-Drip-Tray.htm
PS4151481,Refrigerator Freezer Basket DA63-05986A,Samsung,Refrigerator,https://www.partselect.com/PS4151481-Samsung-DA63-05986A-Refrigerator-Freezer-Basket.htm
PS4155233,Refrigerator Pantry Shelf Glass DA64-02235A,Samsung,Refrigerator,https://www.partselect.com/PS4155233-Samsung-DA64-02235A-Refrigerator-Pantry-Shelf-Glass.htm
PS4156744,Refrigerator Freezer Drawer Slide Shaft DA66-00437B,Samsung,Refrigerator,https://www.partselect.com/PS4156744-Samsung-DA66-00437B-Refrigerator-Freezer-Drawer-Slide-Shaft.htm
PS4156899,Refrigerator Closing Cam DA66-00950A,Samsung,Refrigerator,https://www.partselect.com/PS4156899-Samsung-DA66-00950A-Refrigerator-Closing-Cam.htm
PS4158653,Refrigerator Freezer Door Handle End Cap DA67-02291A,Samsung,Refrigerator,https://www.partselect.com/PS4158653-Samsung-DA67-02291A-Refrigerator-Freezer-Door-Handle-End-Cap.htm
PS4158661,Refrigerator Door Switch Cover DA67-02304A,Samsung,Refrigerator,https://www.partselect.com/PS4158661-Samsung-DA67-02304A-Refrigerator-Door-Switch-Cover.htm
PS4163762,Refrigerator Freezer Door Assembly DA81-01437D,Samsung,Refrigerator,https://www.partselect.com/PS4163762-Samsung-DA81-01437D-Refrigerator-Freezer-Door-Assembly.htm
PS4167979,Refrigerator Control Board DA92-00152A,Samsung,Refrigerator,https://www.partselect.com/PS4167979-Samsung-DA92-00152A-Refrigerator-Control-Board.htm
PS4168056,Refrigerator Electronic Control Board DA92-00384B,Samsung,Refrigerator,https://www.partselect.com/PS4168056-Samsung-DA92-00384B-Refrigerator-Electronic-Control-Board.htm
PS4171160,Refrigerator Ice Maker Assembly DA97-02203G,Samsung,Refrigerator,https://www.partselect.com/PS4171160-Samsung-DA97-02203G-Refrigerator-Ice-Maker-Assembly.htm
PS4172475,Refrigerator Door Gasket DA97-04568V,Samsung,Refrigerator,https://www.partselect.com/PS4172475-Samsung-DA97-04568V-Refrigerator-Door-Gasket.htm
PS4172574,Refrigerator Crisper Drawer Cover Assembly DA97-04832A,Samsung,Refrigerator,https://www.partselect.com/PS4172574-Samsung-DA97-04832A-Refrigerator-Crisper-Drawer-Cover-Assembly.htm
PS4173207,Door Gasket Assembly - Refrigerator DA97-05253B,Samsung,Refrigerator,https://www.partselect.com/PS4173207-Samsung-DA97-05253B-Door-Gasket-Assembly-Refrigerator.htm
PS4173210,Refrigerator Door Gasket DA97-05253E,Samsung,Refrigerator,https://www.partselect.com/PS4173210-Samsung-DA97-05253E-Refrigerator-Door-Gasket.htm
PS4173216,Refrigerator Door Gasket DA97-05253R,Samsung,Refrigerator,https://www.partselect.com/PS4173216-Samsung-DA97-05253R-Refrigerator-Door-Gasket.htm
PS4173982,Refrigerator Door Bin DA97-06175F,Samsung,Refrigerator,https://www.partselect.com/PS4173982-Samsung-DA97-06175F-Refrigerator-Door-Bin.htm
PS4174142,Refrigerator Crisper Drawer Cover Assembly DA97-06329A,Samsung,Refrigerator,https://www.partselect.com/PS4174142-Samsung-DA97-06329A-Refrigerator-Crisper-Drawer-Cover-Assembly.htm
PS4174197,Refrigerator Folding Shelf DA97-06392A,Samsung,Refrigerator,https://www.partselect.com/PS4174197-Samsung-DA97-06392A-Refrigerator-Folding-Shelf.htm
PS4174247,Refrigerator Door Bin DA97-06419C,Samsung,Refrigerator,https://www.partselect.com/PS4174247-Samsung-DA97-06419C-Refrigerator-Door-Bin.htm
PS4174261,Refrigerator Door Bin DA97-06425C,Samsung,Refrigerator,https://www.partselect.com/PS4174261-Samsung-DA97-06425C-Refrigerator-Door-Bin.htm
PS4174352,Refrigerator Refrigerant Step Valve DA97-06506A,Samsung,Refrigerator,https://www.partselect.com/PS4174352-Samsung-DA97-06506A-Refrigerator-Refrigerant-Step-Valve.htm
PS4174403,Refrigerator Water Pipe DA97-06542C,Samsung,Refrigerator,https://www.partselect.com/PS4174403-Samsung-DA97-06542C-Refrigerator-Water-Pipe.htm
PS4174634,Refrigerator Door Hinge DA97-06716D,Samsung,Refrigerator,https://www.partselect.com/PS4174634-Samsung-DA97-06716D-Refrigerator-Door-Hinge.htm
PS4174840,Refrigerator Freezer Basket DA97-07024C,Samsung,Refrigerator,https://www.partselect.com/PS4174840-Samsung-DA97-07024C-Refrigerator-Freezer-Basket.htm
PS4175244,Refrigerator Door Bin Assembly DA97-07541A,Samsung,Refrigerator,https://www.partselect.com/PS4175244-Samsung-DA97-07541A-Refrigerator-Door-Bin-Assembly.htm
PS4175247,Refrigerator Dispenser Guard Door Bin DA97-07544A,Samsung,Refrigerator,https://www.partselect.com/PS4175247-Samsung-DA97-07544A-Refrigerator-Dispenser-Guard-Door-Bin.htm
PS4175308,Refrigerator Ice Maker Assembly DA97-07592A,Samsung,Refrigerator,https://www.partselect.com/PS4175308-Samsung-DA97-07592A-Refrigerator-Ice-Maker-Assembly.htm
PS4175508,Refrigerator Electronic Control Board Cover DA97-07852A,Samsung,Refrigerator,https://www.partselect.com/PS4175508-Samsung-DA97-07852A-Refrigerator-Electronic-Control-Board-Cover.htm
PS4175595,Refrigerator Water Filter Head and Tubing DA97-08006D,Samsung,Refrigerator,https://www.partselect.com/PS4175595-Samsung-DA97-08006D-Refrigerator-Water-Filter-Head-and-Tubing.htm
PS4175632,Refrigerator Dairy Bin DA97-08060B,Samsung,Refrigerator,https://www.partselect.com/PS4175632-Samsung-DA97-08060B-Refrigerator-Dairy-Bin.htm
PS4175642,Refrigerator Crisper Drawer DA97-08067B,Samsung,Refrigerator,https://www.partselect.com/PS4175642-Samsung-DA97-08067B-Refrigerator-Crisper-Drawer.htm
PS4175772,Door Shelf Bin -  Refrigerator DA97-08348A,Samsung,Refrigerator,https://www.partselect.com/PS4175772-Samsung-DA97-08348A-Door-Shelf-Bin-Refrigerator.htm
PS4175773,Refrigerator Guard Assembly Tilt Free DA97-08349A,Samsung,Refrigerator,https://www.partselect.com/PS4175773-Samsung-DA97-08349A-Refrigerator-Guard-Assembly-Tilt-Free.htm
PS4175782,Refrigerator Shelf DA97-08370A,Samsung,Refrigerator,https://www.partselect.com/PS4175782-Samsung-DA97-08370A-Refrigerator-Shelf.htm
PS4175812,Pantry Shelf Assembly - Refrigerator DA97-08417A,Samsung,Refrigerator,https://www.partselect.com/PS4175812-Samsung-DA97-08417A-Pantry-Shelf-Assembly-Refrigerator.htm
PS4175840,"Refrigerator Freezer Basket, Upper DA97-08439B",Samsung,Refrigerator,https://www.partselect.com/PS4175840-Samsung-DA97-08439B-Refrigerator-Freezer-Basket-Upper.htm
PS4175907,Refrigerator Dispenser Lever Assembly DA97-08519A,Samsung,Refrigerator,https://www.partselect.com/PS4175907-Samsung-DA97-08519A-Refrigerator-Dispenser-Lever-Assembly.htm
PS4176284,Refrigerator Dispenser Cover DA97-11332S,Samsung,Refrigerator,https://www.partselect.com/PS4176284-Samsung-DA97-11332S-Refrigerator-Dispenser-Cover.htm
PS4176338,Refrigerator Middle Guard Assembly DA97-11478A,Samsung,Refrigerator,https://www.partselect.com/PS4176338-Samsung-DA97-11478A-Refrigerator-Middle-Guard-Assembly.htm
PS4176339,Refrigerator Door Bin DA97-11483A,Samsung,Refrigerator,https://www.partselect.com/PS4176339-Samsung-DA97-11483A-Refrigerator-Door-Bin.htm
PS4176405,Refrigerator Crisper Drawer DA97-11620B,Samsung,Refrigerator,https://www.partselect.com/PS4176405-Samsung-DA97-11620B-Refrigerator-Crisper-Drawer.htm
PS4176599,Refrigerator Freezer Door Gasket DA97-12522A,Samsung,Refrigerator,https://www.partselect.com/PS4176599-Samsung-DA97-12522A-Refrigerator-Freezer-Door-Gasket.htm
PS4176607,Refrigerator Freezer Door Gasket DA97-12522J,Samsung,Refrigerator,https://www.partselect.com/PS4176607-Samsung-DA97-12522J-Refrigerator-Freezer-Door-Gasket.htm
PS4176696,Refrigerator Bar Handle Assembly DA97-12714C,Samsung,Refrigerator,https://www.partselect.com/PS4176696-Samsung-DA97-12714C-Refrigerator-Bar-Handle-Assembly.htm
PS420305,Dishwasher Thermostat 154227806,Frigidaire,Dishwasher,https://www.partselect.com/PS420305-Frigidaire-154227806-Dishwasher-Thermostat.htm
PS420419,Dishwasher Rocker Switch 154240403,Frigidaire,Dishwasher,https://www.partselect.com/PS420419-Frigidaire-154240403-Dishwasher-Rocker-Switch.htm
PS4222324,Dishwasher Detergent Dispenser Assembly DD59-01001A,Samsung,Dishwasher,https://www.partselect.com/PS4222324-Samsung-DD59-01001A-Dishwasher-Detergent-Dispenser-Assembly.htm
PS4222437,Dishwasher Sump Seal - Black DD62-00050A,Samsung,Dishwasher,https://www.partselect.com/PS4222437-Samsung-DD62-00050A-Dishwasher-Sump-Seal-Black.htm
PS4222464,Dishwasher Filter DD63-00087A,Samsung,Dishwasher,https://www.partselect.com/PS4222464-Samsung-DD63-00087A-Dishwasher-Filter.htm
PS4222511,Dishwasher Dishrack Handle - Upper DD64-00068A,Samsung,Dishwasher,https://www.partselect.com/PS4222511-Samsung-DD64-00068A-Dishwasher-Dishrack-Handle-Upper.htm
PS4222578,Dishwasher Chopper Blade DD70-01003A,Samsung,Dishwasher,https://www.partselect.com/PS4222578-Samsung-DD70-01003A-Dishwasher-Chopper-Blade.htm
PS4222793,Dishwasher Drain Hose DD97-00137A,Samsung,Dishwasher,https://www.partselect.com/PS4222793-Samsung-DD97-00137A-Dishwasher-Drain-Hose.htm
PS422861,Refrigerator Door Shelf Bin 215441502,Frigidaire,Refrigerator,https://www.partselect.com/PS422861-Frigidaire-215441502-Refrigerator-Door-Shelf-Bin.htm
PS424165,TRIM-Refrigerator SHELF 215919813,Frigidaire,Refrigerator,https://www.partselect.com/PS424165-Frigidaire-215919813-TRIM-Refrigerator-SHELF.htm
PS429056,Refrigerator Knob 218845901,Frigidaire,Refrigerator,https://www.partselect.com/PS429056-Frigidaire-218845901-Refrigerator-Knob.htm
PS429724,Refrigerator Door Bin 240323001,Frigidaire,Refrigerator,https://www.partselect.com/PS429724-Frigidaire-240323001-Refrigerator-Door-Bin.htm
PS429767,Refrigerator Door Bin 240324502,Frigidaire,Refrigerator,https://www.partselect.com/PS429767-Frigidaire-240324502-Refrigerator-Door-Bin.htm
PS429820,Refrigerator Door Shelf Retainer Bar - Cut to Fit 240331401,Frigidaire,Refrigerator,https://www.partselect.com/PS429820-Frigidaire-240331401-Refrigerator-Door-Shelf-Retainer-Bar-Cut-to-Fit.htm
PS429854,Refrigerator Crisper Pan 240337103,Frigidaire,Refrigerator,https://www.partselect.com/PS429854-Frigidaire-240337103-Refrigerator-Crisper-Pan.htm
PS429868,Refrigerator Door Shelf Retainer Bin 240337901,Frigidaire,Refrigerator,https://www.partselect.com/PS429868-Frigidaire-240337901-Refrigerator-Door-Shelf-Retainer-Bin.htm
PS429871,Refrigerator Door Shelf Bin 240338001,Frigidaire,Refrigerator,https://www.partselect.com/PS429871-Frigidaire-240338001-Refrigerator-Door-Shelf-Bin.htm
PS429873,Refrigerator Door Shelf Bin 240338101,Frigidaire,Refrigerator,https://www.partselect.com/PS429873-Frigidaire-240338101-Refrigerator-Door-Shelf-Bin.htm
PS430447,Refrigerator Crisper Drawer 240397701,Frigidaire,Refrigerator,https://www.partselect.com/PS430447-Frigidaire-240397701-Refrigerator-Crisper-Drawer.htm
PS430884,Refrigerator Plugbutton 240494004,Frigidaire,"Refrigerator, Dryer",https://www.partselect.com/PS430884-Frigidaire-240494004-Refrigerator-Plugbutton.htm
PS451055,Refrigerator Seal 5300627857,Frigidaire,Refrigerator,https://www.partselect.com/PS451055-Frigidaire-5300627857-Refrigerator-Seal.htm
PS452583,Dishwasher Wash Impeller 5300809918,Frigidaire,Dishwasher,https://www.partselect.com/PS452583-Frigidaire-5300809918-Dishwasher-Wash-Impeller.htm
PS458027,Refrigerator Overload 5303270406,Frigidaire,"Refrigerator, Freezer",https://www.partselect.com/PS458027-Frigidaire-5303270406-Refrigerator-Overload.htm
PS465964,Dishwasher Repair Rack - White 5303310273,Frigidaire,Dishwasher,https://www.partselect.com/PS465964-Frigidaire-5303310273-Dishwasher-Repair-Rack-White.htm
PS468972,Refrigerator Defrost Thermostat 5303917629,Frigidaire,Refrigerator,https://www.partselect.com/PS468972-Frigidaire-5303917629-Refrigerator-Defrost-Thermostat.htm
PS468976,Refrigerator Universal Defrost Timer 5303917633,Frigidaire,Refrigerator,https://www.partselect.com/PS468976-Frigidaire-5303917633-Refrigerator-Universal-Defrost-Timer.htm
PS468977,Refrigerator Universal Defrost Timer 5303917634,Frigidaire,Refrigerator,https://www.partselect.com/PS468977-Frigidaire-5303917634-Refrigerator-Universal-Defrost-Timer.htm
PS469516,Refrigerator Defrost Heater Kit 5303918208,Frigidaire,Refrigerator,https://www.partselect.com/PS469516-Frigidaire-5303918208-Refrigerator-Defrost-Heater-Kit.htm
PS4704215,Dishwasher Ball Filterorange WD12X10408,GE,Dishwasher,https://www.partselect.com/PS4704215-GE-WD12X10408-Dishwasher-Ball-Filterorange.htm
PS4705063,Dishwasher Side Mount Kit DWBRACKIT1,Frigidaire,,https://www.partselect.com/PS4705063-Frigidaire-DWBRACKIT1-Dishwasher-Side-Mount-Kit.htm
PS471886,Refrigerator Compressor Start Relay 5304413178,Frigidaire,Freezer,https://www.partselect.com/PS471886-Frigidaire-5304413178-Refrigerator-Compressor-Start-Relay.htm
PS475011,Refrigerator Gasket 5317532406,Frigidaire,Refrigerator,https://www.partselect.com/PS475011-Frigidaire-5317532406-Refrigerator-Gasket.htm
PS475194,Refrigerator Door Gasket 5318680302,Frigidaire,Refrigerator,https://www.partselect.com/PS475194-Frigidaire-5318680302-Refrigerator-Door-Gasket.htm
PS503621,Refrigerator Water Filter WF2CB,Frigidaire,"Refrigerator, Wall Oven",https://www.partselect.com/PS503621-Frigidaire-WF2CB-Refrigerator-Water-Filter.htm
PS5136129,Dishwasher Door Gasket with Strike - Black W10542314,Whirlpool,Dishwasher,https://www.partselect.com/PS5136129-Whirlpool-W10542314-Dishwasher-Door-Gasket-with-Strike-Black.htm
PS5573614,Refrigerator Arc Assembly Silver WR12X11020,GE,Refrigerator,https://www.partselect.com/PS5573614-GE-WR12X11020-Refrigerator-Arc-Assembly-Silver.htm
PS5573850,Bottom Door Hinge & Cam- Apollo Gray - Refrigerator Side W10500004,Whirlpool,Refrigerator,https://www.partselect.com/PS5573850-Whirlpool-W10500004-Bottom-Door-Hinge-Cam-Apollo-Gray-Refrigerator-Side.htm
PS5574492,Dishwasher Locker Assembly 4027ED3002J,LG,Dishwasher,https://www.partselect.com/PS5574492-LG-4027ED3002J-Dishwasher-Locker-Assembly.htm
PS5575292,Refrigerator Door Gasket DA97-05253Y,Samsung,Refrigerator,https://www.partselect.com/PS5575292-Samsung-DA97-05253Y-Refrigerator-Door-Gasket.htm
PS5575328,Refrigerator Door Bin DA97-08406C,Samsung,Refrigerator,https://www.partselect.com/PS5575328-Samsung-DA97-08406C-Refrigerator-Door-Bin.htm
PS5575403,Refrigerator Guard DA97-12924A,Samsung,Refrigerator,https://www.partselect.com/PS5575403-Samsung-DA97-12924A-Refrigerator-Guard.htm
PS5575407,Refrigerator Dispenser Cover Assembly DA97-12942A,Samsung,Refrigerator,https://www.partselect.com/PS5575407-Samsung-DA97-12942A-Refrigerator-Dispenser-Cover-Assembly.htm
PS5575408,Refrigerator Flipper Assembly DA97-12947A,Samsung,Refrigerator,https://www.partselect.com/PS5575408-Samsung-DA97-12947A-Refrigerator-Flipper-Assembly.htm
PS5575413,Crisper Drawer Cover Assembly - Refrigerator DA97-13029A,Samsung,Refrigerator,https://www.partselect.com/PS5575413-Samsung-DA97-13029A-Crisper-Drawer-Cover-Assembly-Refrigerator.htm
PS6011663,Dishwasher Timer WD21X10475,GE,Dishwasher,https://www.partselect.com/PS6011663-GE-WD21X10475-Dishwasher-Timer.htm
PS6011779,Refrigerator Door Shelf Bin - Clear WR71X11044,GE,Refrigerator,https://www.partselect.com/PS6011779-GE-WR71X11044-Refrigerator-Door-Shelf-Bin-Clear.htm
PS6012032,Bottom Door Hinge & Cam- Black - Refrigerator Side W10500001,Whirlpool,Refrigerator,https://www.partselect.com/PS6012032-Whirlpool-W10500001-Bottom-Door-Hinge-Cam-Black-Refrigerator-Side.htm
PS6012668,Dishwasher Holder MEG62279201,LG,Dishwasher,https://www.partselect.com/PS6012668-LG-MEG62279201-Dishwasher-Holder.htm
PS6012670,Refrigerator Spring MHY62044106,LG,"Refrigerator, Freezer",https://www.partselect.com/PS6012670-LG-MHY62044106-Refrigerator-Spring.htm
PS6448320,Dishwasher Guide Assembly AEC73278201,LG,Dishwasher,https://www.partselect.com/PS6448320-LG-AEC73278201-Dishwasher-Guide-Assembly.htm
PS669838,Refrigerator Clip Drain Tube WR02X10558,GE,Refrigerator,https://www.partselect.com/PS669838-GE-WR02X10558-Refrigerator-Clip-Drain-Tube.htm
PS671781,Refrigerator Gasket Duct Fz WR14X10049,GE,Refrigerator,https://www.partselect.com/PS671781-GE-WR14X10049-Refrigerator-Gasket-Duct-Fz.htm
PS6883663,Refrigerator Inverter Kit with Jumpers WR49X10283,GE,"Refrigerator, Freezer",https://www.partselect.com/PS6883663-GE-WR49X10283-Refrigerator-Inverter-Kit-with-Jumpers.htm
PS6883666,Refrigerator Defrost Heater Fresh Food WR51X10132,GE,"Refrigerator, Range",https://www.partselect.com/PS6883666-GE-WR51X10132-Refrigerator-Defrost-Heater-Fresh-Food.htm
PS698135,Refrigerator Door Bin WR71X10427,GE,Refrigerator,https://www.partselect.com/PS698135-GE-WR71X10427-Refrigerator-Door-Bin.htm
PS7320365,Refrigerator Display Cover WR17X13155,GE,Refrigerator,https://www.partselect.com/PS7320365-GE-WR17X13155-Refrigerator-Display-Cover.htm
PS7321343,Refrigerator Door Gasket 242193210,Frigidaire,Refrigerator,https://www.partselect.com/PS7321343-Frigidaire-242193210-Refrigerator-Door-Gasket.htm
PS734765,Refrigerator Water Inlet Seal 240561701,Frigidaire,"Refrigerator, Freezer",https://www.partselect.com/PS734765-Frigidaire-240561701-Refrigerator-Water-Inlet-Seal.htm
PS7783360,Dishwasher End Cap WD12X10426,GE,Dishwasher,https://www.partselect.com/PS7783360-GE-WD12X10426-Dishwasher-End-Cap.htm
PS7783978,Refrigerator Slide Assembly 241894222,Frigidaire,Refrigerator,https://www.partselect.com/PS7783978-Frigidaire-241894222-Refrigerator-Slide-Assembly.htm
PS7784009,Refrigerator Door Gasket 242193213,Frigidaire,Refrigerator,https://www.partselect.com/PS7784009-Frigidaire-242193213-Refrigerator-Door-Gasket.htm
PS7784018,Refrigerator Water Inlet Valve 242252702,Frigidaire,Refrigerator,https://www.partselect.com/PS7784018-Frigidaire-242252702-Refrigerator-Water-Inlet-Valve.htm
PS7786021,Refrigerator Door Bin AAP73631503,LG,"Refrigerator, Freezer",https://www.partselect.com/PS7786021-LG-AAP73631503-Refrigerator-Door-Bin.htm
PS7786022,Refrigerator Door Bin Assembly AAP73631504,LG,"Freezer, Refrigerator",https://www.partselect.com/PS7786022-LG-AAP73631504-Refrigerator-Door-Bin-Assembly.htm
PS7786023,refrigerator Door Shelf Bin -  White AAP73631602,LG,Refrigerator,https://www.partselect.com/PS7786023-LG-AAP73631602-refrigerator-Door-Shelf-Bin-White.htm
PS7786027,Refrigerator Door Basket Assembly AAP73631702,LG,Refrigerator,https://www.partselect.com/PS7786027-LG-AAP73631702-Refrigerator-Door-Basket-Assembly.htm
PS7786030,Refrigerator Door Basket Assembly AAP73631802,LG,Refrigerator,https://www.partselect.com/PS7786030-LG-AAP73631802-Refrigerator-Door-Basket-Assembly.htm
PS7788355,Dishwasher Nozzle Assembly AGB73093001,LG,Dishwasher,https://www.partselect.com/PS7788355-LG-AGB73093001-Dishwasher-Nozzle-Assembly.htm
PS7788909,Refrigerator Shelf Assembly AHT73514202,LG,Refrigerator,https://www.partselect.com/PS7788909-LG-AHT73514202-Refrigerator-Shelf-Assembly.htm
PS7788911,Refrigerator Shelf Assembly AHT73514302,LG,Refrigerator,https://www.partselect.com/PS7788911-LG-AHT73514302-Refrigerator-Shelf-Assembly.htm
PS7794551,"CAP,DECOR REFRIGERATOR MBL65024303",LG,Refrigerator,https://www.partselect.com/PS7794551-LG-MBL65024303-CAP-DECOR-REFRIGERATOR.htm
PS7795137,Dishwasher Filter MDJ62185801,LG,Dishwasher,https://www.partselect.com/PS7795137-LG-MDJ62185801-Dishwasher-Filter.htm
PS7796046,Dishwasher Rack MGR38994202,LG,Dishwasher,https://www.partselect.com/PS7796046-LG-MGR38994202-Dishwasher-Rack.htm
PS8260087,Dishwasher Heating Element W10518394,Whirlpool,Dishwasher,https://www.partselect.com/PS8260087-Whirlpool-W10518394-Dishwasher-Heating-Element.htm
PS8260227,Dishwasher Tub Gasket - Gray 154827601,Frigidaire,Dishwasher,https://www.partselect.com/PS8260227-Frigidaire-154827601-Dishwasher-Tub-Gasket-Gray.htm
PS8688247,Refrigerator Air Duct Insulation WR02X20092,GE,Refrigerator,https://www.partselect.com/PS8688247-GE-WR02X20092-Refrigerator-Air-Duct-Insulation.htm
PS8689661,Refrigerator Compressor Start Relay Kit 5304491941,Frigidaire,"Refrigerator, Freezer",https://www.partselect.com/PS8689661-Frigidaire-5304491941-Refrigerator-Compressor-Start-Relay-Kit.htm
PS8690688,Refrigerator Handle Assembly Fz WR12X11048,GE,Refrigerator,https://www.partselect.com/PS8690688-GE-WR12X11048-Refrigerator-Handle-Assembly-Fz.htm
PS8690742,"Refrigerator Dairy Bin, Right WR71X11063",GE,Refrigerator,https://www.partselect.com/PS8690742-GE-WR71X11063-Refrigerator-Dairy-Bin-Right.htm
PS8691994,Refrigerator Ice Dispenser Solenoid 241675704,Frigidaire,Refrigerator,https://www.partselect.com/PS8691994-Frigidaire-241675704-Refrigerator-Ice-Dispenser-Solenoid.htm
PS8692821,Dishwasher Lock 00056218,Bosch,Dishwasher,https://www.partselect.com/PS8692821-Bosch-00056218-Dishwasher-Lock.htm
PS8693047,Dishwasher Clip 00066318,Bosch,Dishwasher,https://www.partselect.com/PS8693047-Bosch-00066318-Dishwasher-Clip.htm
PS8693048,Dishwasher Lid 00066319,Bosch,Dishwasher,https://www.partselect.com/PS8693048-Bosch-00066319-Dishwasher-Lid.htm
PS8695925,Dishwasher Sealing 00151866,Bosch,Dishwasher,https://www.partselect.com/PS8695925-Bosch-00151866-Dishwasher-Sealing.htm
PS8697035,Dishwasher Button 00165246,Bosch,Dishwasher,https://www.partselect.com/PS8697035-Bosch-00165246-Dishwasher-Button.htm
PS8697041,Dishwasher Hose Connection Inlet 00165258,Bosch,Dishwasher,https://www.partselect.com/PS8697041-Bosch-00165258-Dishwasher-Hose-Connection-Inlet.htm
PS8697061,Dishwasher Door Hinge Lever Bearing 00165296,Bosch,Dishwasher,https://www.partselect.com/PS8697061-Bosch-00165296-Dishwasher-Door-Hinge-Lever-Bearing.htm
PS8697065,Dishwasher Float 00165301,Bosch,Dishwasher,https://www.partselect.com/PS8697065-Bosch-00165301-Dishwasher-Float.htm
PS8697074,Dishwasher Sealing 00165331,Bosch,Dishwasher,https://www.partselect.com/PS8697074-Bosch-00165331-Dishwasher-Sealing.htm
PS8697162,Dishwasher Tripping Device 00166630,Bosch,Dishwasher,https://www.partselect.com/PS8697162-Bosch-00166630-Dishwasher-Tripping-Device.htm
PS8697166,Dishwasher Sealing 00166637,Bosch,Dishwasher,https://www.partselect.com/PS8697166-Bosch-00166637-Dishwasher-Sealing.htm
PS8697200,Dishwasher Fixture 00167028,Bosch,Dishwasher,https://www.partselect.com/PS8697200-Bosch-00167028-Dishwasher-Fixture.htm
PS8697263,Dishwasher Button 00168561,Bosch,Dishwasher,https://www.partselect.com/PS8697263-Bosch-00168561-Dishwasher-Button.htm
PS8697373,Dishwasher Mounting Bracket Kit 00170664,Bosch,Dishwasher,https://www.partselect.com/PS8697373-Bosch-00170664-Dishwasher-Mounting-Bracket-Kit.htm
PS8697420,Dishwasher Cover 00171024,Bosch,Dishwasher,https://www.partselect.com/PS8697420-Bosch-00171024-Dishwasher-Cover.htm
PS8697809,Dishwasher Screw 00176121,Bosch,Dishwasher,https://www.partselect.com/PS8697809-Bosch-00176121-Dishwasher-Screw.htm
PS8698262,Dishwasher Screw 00188670,Bosch,Dishwasher,https://www.partselect.com/PS8698262-Bosch-00188670-Dishwasher-Screw.htm
PS8702019,Dishwasher Housing 00264946,Bosch,Dishwasher,https://www.partselect.com/PS8702019-Bosch-00264946-Dishwasher-Housing.htm
PS8714641,Dishwasher Silverware Basket 00432377,Bosch,Dishwasher,https://www.partselect.com/PS8714641-Bosch-00432377-Dishwasher-Silverware-Basket.htm
PS8717586,Dishwasher Control Panel 00478810,Bosch,Dishwasher,https://www.partselect.com/PS8717586-Bosch-00478810-Dishwasher-Control-Panel.htm
PS8717588,Dishwasher Facia Panel 00478812,Bosch,Dishwasher,https://www.partselect.com/PS8717588-Bosch-00478812-Dishwasher-Facia-Panel.htm
PS8722630,Refrigerator Water Filter 00491849,Bosch,Refrigerator,https://www.partselect.com/PS8722630-Bosch-00491849-Refrigerator-Water-Filter.htm
PS8725630,Dishwasher Control Panel Button Set 00600072,Bosch,Dishwasher,https://www.partselect.com/PS8725630-Bosch-00600072-Dishwasher-Control-Panel-Button-Set.htm
PS8727128,Dishwasher Door Cable 00610087,Bosch,Dishwasher,https://www.partselect.com/PS8727128-Bosch-00610087-Dishwasher-Door-Cable.htm
PS8727384,Dishwasher Tine Row Clip 00611472,Bosch,Dishwasher,https://www.partselect.com/PS8727384-Bosch-00611472-Dishwasher-Tine-Row-Clip.htm
PS8727385,Dishwasher Tine Row Pivot Clip 00611473,Bosch,Dishwasher,https://www.partselect.com/PS8727385-Bosch-00611473-Dishwasher-Tine-Row-Pivot-Clip.htm
PS8727410,Dishwasher Start Button 00611653,Bosch,Dishwasher,https://www.partselect.com/PS8727410-Bosch-00611653-Dishwasher-Start-Button.htm
PS8727433,Dishwasher Control Panel Button Set (Black) 00611881,Bosch,Dishwasher,https://www.partselect.com/PS8727433-Bosch-00611881-Dishwasher-Control-Panel-Button-Set-Black.htm
PS8727781,Refrigerator Active Carbon Filter 00614665,Bosch,"Refrigerator, Freezer",https://www.partselect.com/PS8727781-Bosch-00614665-Refrigerator-Active-Carbon-Filter.htm
PS8727824,Dishwasher Handlecap Shaped 00615352,Bosch,Dishwasher,https://www.partselect.com/PS8727824-Bosch-00615352-Dishwasher-Handlecap-Shaped.htm
PS8728042,Dishwasher Holder 00616989,Bosch,Dishwasher,https://www.partselect.com/PS8728042-Bosch-00616989-Dishwasher-Holder.htm
PS8729301,Dishwasher Handlecap Shaped 00628998,Bosch,Dishwasher,https://www.partselect.com/PS8729301-Bosch-00628998-Dishwasher-Handlecap-Shaped.htm
PS8729485,Refrigerator Water Filter 00640565,Bosch,"Freezer, Refrigerator",https://www.partselect.com/PS8729485-Bosch-00640565-Refrigerator-Water-Filter.htm
PS8733523,Dishwasher AquaStop Assembly 00674387,Bosch,Dishwasher,https://www.partselect.com/PS8733523-Bosch-00674387-Dishwasher-AquaStop-Assembly.htm
PS8734006,Dishwasher Tub Frame Stiffener Bracket 00678930,Bosch,Dishwasher,https://www.partselect.com/PS8734006-Bosch-00678930-Dishwasher-Tub-Frame-Stiffener-Bracket.htm
PS8734595,Dishwasher Control Panel 00683958,Bosch,Dishwasher,https://www.partselect.com/PS8734595-Bosch-00683958-Dishwasher-Control-Panel.htm
PS8735138,Dishwasher Control Panel 00686977,Bosch,Dishwasher,https://www.partselect.com/PS8735138-Bosch-00686977-Dishwasher-Control-Panel.htm
PS8736203,Dishwasher Control Unit 00705274,Bosch,Dishwasher,https://www.partselect.com/PS8736203-Bosch-00705274-Dishwasher-Control-Unit.htm
PS8737004,Dishwasher Hosedrain 00744881,Bosch,Dishwasher,https://www.partselect.com/PS8737004-Bosch-00744881-Dishwasher-Hosedrain.htm
PS8737018,Dishwasher Strip 00744998,Bosch,Dishwasher,https://www.partselect.com/PS8737018-Bosch-00744998-Dishwasher-Strip.htm
PS8737021,Dishwasher Panel base 00745002,Bosch,Dishwasher,https://www.partselect.com/PS8737021-Bosch-00745002-Dishwasher-Panel-base.htm
PS8737036,Dishwasher Spray Arm 00745856,Bosch,Dishwasher,https://www.partselect.com/PS8737036-Bosch-00745856-Dishwasher-Spray-Arm.htm
PS8737182,Dishwasher Diverter Assembly 00751950,Bosch,Dishwasher,https://www.partselect.com/PS8737182-Bosch-00751950-Dishwasher-Diverter-Assembly.htm
PS8737460,Refrigerator Water Reservoir and Filter Housing Assembly DA81-05883A,Samsung,Refrigerator,https://www.partselect.com/PS8737460-Samsung-DA81-05883A-Refrigerator-Water-Reservoir-and-Filter-Housing-Assembly.htm
PS8746144,Refrigerator Ice and Water Filter MWFP,GE,"Refrigerator, Freezer",https://www.partselect.com/PS8746144-GE-MWFP-Refrigerator-Ice-and-Water-Filter.htm
PS8746145,Refrigerator Water Filter - 3 Pack MWFP3PK,GE,,https://www.partselect.com/PS8746145-GE-MWFP3PK-Refrigerator-Water-Filter-3-Pack.htm
PS8746204,Dishwasher Lower Dish Rack with Wheels - Gray WD28X10384,GE,Dishwasher,https://www.partselect.com/PS8746204-GE-WD28X10384-Dishwasher-Lower-Dish-Rack-with-Wheels-Gray.htm
PS8746683,Refrigerator Dispenser Water Tube 218976438,Frigidaire,Refrigerator,https://www.partselect.com/PS8746683-Frigidaire-218976438-Refrigerator-Dispenser-Water-Tube.htm
PS8747114,Dishwasher Timer 807387501,Frigidaire,Dishwasher,https://www.partselect.com/PS8747114-Frigidaire-807387501-Dishwasher-Timer.htm
PS8748033,Refrigerator Door Bin AAP73871601,LG,Refrigerator,https://www.partselect.com/PS8748033-LG-AAP73871601-Refrigerator-Door-Bin.htm
PS8752588,Refrigerator Freezer Door Gasket - Black MDS64172918,LG,"Refrigerator, Freezer",https://www.partselect.com/PS8752588-LG-MDS64172918-Refrigerator-Freezer-Door-Gasket-Black.htm
PS8756263,Dishwasher Clip Lower Rack WD12X20171,GE,Dishwasher,https://www.partselect.com/PS8756263-GE-WD12X20171-Dishwasher-Clip-Lower-Rack.htm
PS8756458,Dishwasher Shelf Cup WD28X10350,GE,Dishwasher,https://www.partselect.com/PS8756458-GE-WD28X10350-Dishwasher-Shelf-Cup.htm
PS8756516,Dishwasher Fdt Coated Lower Rack WD28X20165,GE,Dishwasher,https://www.partselect.com/PS8756516-GE-WD28X20165-Dishwasher-Fdt-Coated-Lower-Rack.htm
PS8757955,Refrigerator Filter Door Assembly Dgy WR02X13742,GE,Refrigerator,https://www.partselect.com/PS8757955-GE-WR02X13742-Refrigerator-Filter-Door-Assembly-Dgy.htm
PS8758491,Refrigerator Ice Maker Fill Cup WR29X10109,GE,Refrigerator,https://www.partselect.com/PS8758491-GE-WR29X10109-Refrigerator-Ice-Maker-Fill-Cup.htm
PS8758540,"Refrigerator Crisper Drawer, Right WR32X10912",GE,Refrigerator,https://www.partselect.com/PS8758540-GE-WR32X10912-Refrigerator-Crisper-Drawer-Right.htm
PS8758544,Refrigerator Shelf WR32X10916,GE,Refrigerator,https://www.partselect.com/PS8758544-GE-WR32X10916-Refrigerator-Shelf.htm
PS8758659,Refrigerator Power Control Board WR55X20106,GE,Refrigerator,https://www.partselect.com/PS8758659-GE-WR55X20106-Refrigerator-Power-Control-Board.htm
PS8759230,Refrigerator Water Filter F2WC9I1,Whirlpool,"Refrigerator, Ice Maker",https://www.partselect.com/PS8759230-Whirlpool-F2WC9I1-Refrigerator-Water-Filter.htm
PS8760177,Refrigerator Ice Container Assembly 242100106,Frigidaire,Refrigerator,https://www.partselect.com/PS8760177-Frigidaire-242100106-Refrigerator-Ice-Container-Assembly.htm
PS8760412,Refrigerator Water Filter 5304492441,Frigidaire,,https://www.partselect.com/PS8760412-Frigidaire-5304492441-Refrigerator-Water-Filter.htm
PS8760847,Dishwasher Membrane Switch 807327602,Frigidaire,Dishwasher,https://www.partselect.com/PS8760847-Frigidaire-807327602-Dishwasher-Membrane-Switch.htm
PS8764501,Dishwasher Heating Element DD47-00008A,Samsung,Dishwasher,https://www.partselect.com/PS8764501-Samsung-DD47-00008A-Dishwasher-Heating-Element.htm
PS8764542,Dishwasher Water-Level Pressure Switch Hose DD81-01542A,Samsung,Dishwasher,https://www.partselect.com/PS8764542-Samsung-DD81-01542A-Dishwasher-Water-Level-Pressure-Switch-Hose.htm
PS8764588,Dishwasher Access Panel DD82-01102B,Samsung,Dishwasher,https://www.partselect.com/PS8764588-Samsung-DD82-01102B-Dishwasher-Access-Panel.htm
PS8767471,Dishwasher Fdt Coated Lower Rack WD28X20164,GE,Dishwasher,https://www.partselect.com/PS8767471-GE-WD28X20164-Dishwasher-Fdt-Coated-Lower-Rack.htm
PS8767906,Refrigerator Set Screw WR01X20424,GE,"Refrigerator, Wall Oven, Range",https://www.partselect.com/PS8767906-GE-WR01X20424-Refrigerator-Set-Screw.htm
PS8768011,Refrigerator Freezer Door Handle Assembly WR12X20646,GE,Refrigerator,https://www.partselect.com/PS8768011-GE-WR12X20646-Refrigerator-Freezer-Door-Handle-Assembly.htm
PS8768125,Refrigerator Door Gallon Bin - Left WR71X11067,GE,Refrigerator,https://www.partselect.com/PS8768125-GE-WR71X11067-Refrigerator-Door-Gallon-Bin-Left.htm
PS8768365,Dishwasher Door WD03X20446,GE,Dishwasher,https://www.partselect.com/PS8768365-GE-WD03X20446-Dishwasher-Door.htm
PS8769825,Refrigerator Inverter 00791272,Bosch,Refrigerator,https://www.partselect.com/PS8769825-Bosch-00791272-Refrigerator-Inverter.htm
PS8769826,Dishwasher Water Inlet Valve 5221DD1001E,LG,Dishwasher,https://www.partselect.com/PS8769826-LG-5221DD1001E-Dishwasher-Water-Inlet-Valve.htm
PS8769905,Dishwasher Cover Vent WD24X20586,GE,Dishwasher,https://www.partselect.com/PS8769905-GE-WD24X20586-Dishwasher-Cover-Vent.htm
PS8770710,"Door Foam Assembly,Refrigerator ADD73656001",LG,"Refrigerator, Freezer",https://www.partselect.com/PS8770710-LG-ADD73656001-Door-Foam-Assembly-Refrigerator.htm
PS899490,Refrigerator Magnet Cover 241508401,Frigidaire,Refrigerator,https://www.partselect.com/PS899490-Frigidaire-241508401-Refrigerator-Magnet-Cover.htm
PS900213,Top-Mount Refrigerator Garage Kit 5303918301,Frigidaire,Refrigerator,https://www.partselect.com/PS900213-Frigidaire-5303918301-Top-Mount-Refrigerator-Garage-Kit.htm
PS9492624,Dishwasher Control Panel A00035004,Frigidaire,Dishwasher,https://www.partselect.com/PS9492624-Frigidaire-A00035004-Dishwasher-Control-Panel.htm
PS9492626,Dishwasher Drain Pump A00044305,Frigidaire,Dishwasher,https://www.partselect.com/PS9492626-Frigidaire-A00044305-Dishwasher-Drain-Pump.htm
PS9492942,Refrigerator Crisper Drawer DA97-08437D,Samsung,Refrigerator,https://www.partselect.com/PS9492942-Samsung-DA97-08437D-Refrigerator-Crisper-Drawer.htm
PS9493114,Refrigerator Crisper Drawer WR32X21098,GE,Refrigerator,https://www.partselect.com/PS9493114-GE-WR32X21098-Refrigerator-Crisper-Drawer.htm
PS9493819,Refrigerator Door Gasket - White 242193206,Frigidaire,Refrigerator,https://www.partselect.com/PS9493819-Frigidaire-242193206-Refrigerator-Door-Gasket-White.htm
PS9493822,Refrigerator Door Gasket - Black 242193212,Frigidaire,Refrigerator,https://www.partselect.com/PS9493822-Frigidaire-242193212-Refrigerator-Door-Gasket-Black.htm
PS9494138,Dishwasher Drain Hose 807117001,Frigidaire,Dishwasher,https://www.partselect.com/PS9494138-Frigidaire-807117001-Dishwasher-Drain-Hose.htm
PS9494249,Dishwasher Fixing Clamp A00141702,Frigidaire,Dishwasher,https://www.partselect.com/PS9494249-Frigidaire-A00141702-Dishwasher-Fixing-Clamp.htm
PS9494999,Dishwasher Heating Element W10703867,Whirlpool,Dishwasher,https://www.partselect.com/PS9494999-Whirlpool-W10703867-Dishwasher-Heating-Element.htm
PS9495545,Dishwasher Bottom Door Gasket 809006501,Frigidaire,Dishwasher,https://www.partselect.com/PS9495545-Frigidaire-809006501-Dishwasher-Bottom-Door-Gasket.htm
PS951515,Refrigerator Water Filter GSWF,GE,Refrigerator,https://www.partselect.com/PS951515-GE-GSWF-Refrigerator-Water-Filter.htm
PS958924,Dishwasher Conduit Carrier Mid WD12X10114,GE,Dishwasher,https://www.partselect.com/PS958924-GE-WD12X10114-Dishwasher-Conduit-Carrier-Mid.htm
PS958939,Dishwasher Inlet Cover WD12X10129,GE,Dishwasher,https://www.partselect.com/PS958939-GE-WD12X10129-Dishwasher-Inlet-Cover.htm
PS959551,Dishwasher Keypad - Black WD34X10915,GE,Dishwasher,https://www.partselect.com/PS959551-GE-WD34X10915-Dishwasher-Keypad-Black.htm
PS9603708,Lower Refrigerator Door Stopper DA61-09264A,Samsung,Refrigerator,https://www.partselect.com/PS9603708-Samsung-DA61-09264A-Lower-Refrigerator-Door-Stopper.htm
PS9603850,Refrigerator Door Gasket - White DA63-07733A,Samsung,Refrigerator,https://www.partselect.com/PS9603850-Samsung-DA63-07733A-Refrigerator-Door-Gasket-White.htm
PS9603956,Refrigerator Evaporator Fan Motor DA81-06013A,Samsung,Refrigerator,https://www.partselect.com/PS9603956-Samsung-DA81-06013A-Refrigerator-Evaporator-Fan-Motor.htm
PS9604143,Refrigerator Freezer Evaporator Fan Motor DA96-00959D,Samsung,Refrigerator,https://www.partselect.com/PS9604143-Samsung-DA96-00959D-Refrigerator-Freezer-Evaporator-Fan-Motor.htm
PS9604219,Refrigerator Fresh Food Evaporator Cover DA97-08724N,Samsung,Refrigerator,https://www.partselect.com/PS9604219-Samsung-DA97-08724N-Refrigerator-Fresh-Food-Evaporator-Cover.htm
PS9604226,Refrigerator Shelf DA97-11150C,Samsung,Refrigerator,https://www.partselect.com/PS9604226-Samsung-DA97-11150C-Refrigerator-Shelf.htm
PS9604275,Refrigerator Door Gasket DA97-13015E,Samsung,Refrigerator,https://www.partselect.com/PS9604275-Samsung-DA97-13015E-Refrigerator-Door-Gasket.htm
PS9604332,Refrigerator Door Bin DA97-13805B,Samsung,Refrigerator,https://www.partselect.com/PS9604332-Samsung-DA97-13805B-Refrigerator-Door-Bin.htm
PS9604451,Refrigerator Flipper Pivot Block DA97-14471A,Samsung,Refrigerator,https://www.partselect.com/PS9604451-Samsung-DA97-14471A-Refrigerator-Flipper-Pivot-Block.htm
PS9606350,Dishwasher Drain Pump DD31-00016A,Samsung,Dishwasher,https://www.partselect.com/PS9606350-Samsung-DD31-00016A-Dishwasher-Drain-Pump.htm
PS963198,Refrigerator Screw WR01X10448,GE,Refrigerator,https://www.partselect.com/PS963198-GE-WR01X10448-Refrigerator-Screw.htm
PS963288,Refrigerator Cam & Thimble Ff WR02X11479,GE,Refrigerator,https://www.partselect.com/PS963288-GE-WR02X11479-Refrigerator-Cam-Thimble-Ff.htm
PS963827,Refrigerator Ptcr WR07X10057,GE,Refrigerator,https://www.partselect.com/PS963827-GE-WR07X10057-Refrigerator-Ptcr.htm
PS963898,Refrigerator Handle WR12X10626,GE,Refrigerator,https://www.partselect.com/PS963898-GE-WR12X10626-Refrigerator-Handle.htm
PS964046,Refrigerator Shim Hingeupp R WR13X10350,GE,Refrigerator,https://www.partselect.com/PS964046-GE-WR13X10350-Refrigerator-Shim-Hingeupp-R.htm
PS964123,Refrigerator Shield Light Fz WR17X11446,GE,Refrigerator,https://www.partselect.com/PS964123-GE-WR17X11446-Refrigerator-Shield-Light-Fz.htm
PS965033,Refrigerator Ice Maker Cover WR29X10068,GE,Refrigerator,https://www.partselect.com/PS965033-GE-WR29X10068-Refrigerator-Ice-Maker-Cover.htm
PS966762,Refrigerator Thermostat Def WR50X10065,GE,Refrigerator,https://www.partselect.com/PS966762-GE-WR50X10065-Refrigerator-Thermostat-Def.htm
PS968258,Dishwasher Power Cord WX09X70910,GE,,https://www.partselect.com/PS968258-GE-WX09X70910-Dishwasher-Power-Cord.htm
PS976745,Refrigerator Door Bin 241505301,Frigidaire,Refrigerator,https://www.partselect.com/PS976745-Frigidaire-241505301-Refrigerator-Door-Bin.htm
PS9864030,Refrigerator Freezer Door Handle Kit - White WR12X22148,GE,Refrigerator,https://www.partselect.com/PS9864030-GE-WR12X22148-Refrigerator-Freezer-Door-Handle-Kit-White.htm
PS9865155,Refrigerator Ice Maker Kit Assembly AEQ73110210,LG,Refrigerator,https://www.partselect.com/PS9865155-LG-AEQ73110210-Refrigerator-Ice-Maker-Kit-Assembly.htm
